0	0	156	156	features_list	root	modules.source.css
1	156	289	133	features_list	root	modules.source.css
2	289	362	73	_shared	token-multi	modules.source.css
3	362	457	95	features_list	root	modules.source.css
4	457	573	116	features_list	root	modules.source.css
5	573	646	73	features_list	root	modules.source.css
6	646	730	84	features_list	root	modules.source.css
7	730	1348	618	_shared	token-multi	modules.source.css
8	1348	1885	537	_shared	token-multi	modules.source.css
9	1885	2132	247	_shared	token-multi	modules.source.css
10	2132	2230	98	_shared	token-multi	modules.source.css
11	2230	2335	105	_shared	token-multi	modules.source.css
12	2335	2512	177	_shared	token-multi	modules.source.css
13	2512	2576	64	_shared	token-multi	modules.source.css
14	2576	2797	221	_shared	token-multi	modules.source.css
15	2797	2849	52	_shared	token-multi	modules.source.css
16	2849	2899	50	_shared	token-multi	modules.source.css
17	2899	2977	78	_shared	token-multi	modules.source.css
18	2977	3026	49	_shared	token-multi	modules.source.css
19	3026	3094	68	_shared	token-multi	modules.source.css
20	3094	3168	74	_shared	token-multi	modules.source.css
21	3168	3242	74	_shared	token-multi	modules.source.css
22	3242	3316	74	_shared	token-multi	modules.source.css
23	3316	3677	361	_shared	token-multi	modules.source.css
24	3677	3759	82	_shared	token-multi	modules.source.css
25	3759	3855	96	_shared	token-multi	modules.source.css
26	3855	3955	100	_shared	token-multi	modules.source.css
27	3955	4914	959	features_list	root	modules.source.css
28	4914	5176	262	_shared	token-multi	modules.source.css
29	5176	5383	207	_shared	root-ambiguous	modules.source.css
30	5383	5696	313	_shared	shared-generic-decor	modules.source.css
31	5696	5733	37	_shared	shared-generic-decor	modules.source.css
32	5733	5772	39	_shared	shared-generic-decor	modules.source.css
33	5772	5873	101	_shared	shared-generic-decor	modules.source.css
34	5873	6100	227	_shared	root-ambiguous	modules.source.css
35	6100	6265	165	_shared	root-ambiguous	modules.source.css
36	6265	6420	155	_shared	shared-generic-decor	modules.source.css
37	6420	6567	147	_shared	root-ambiguous	modules.source.css
38	6567	6706	139	_shared	root-ambiguous	modules.source.css
39	6706	6864	158	_shared	shared-generic-decor	modules.source.css
40	6864	6947	83	_shared	shared-generic-decor	modules.source.css
41	6947	7100	153	_shared	token-multi	modules.source.css
42	7100	7202	102	_shared	token-multi	modules.source.css
43	7202	7260	58	_shared	token-multi	modules.source.css
44	7260	7505	245	_shared	token-multi	modules.source.css
45	7505	7616	111	_shared	token-multi	modules.source.css
46	7616	7788	172	_shared	token-multi	modules.source.css
47	7788	8136	348	_shared	token-multi	modules.source.css
48	8136	8313	177	_shared	token-multi	modules.source.css
49	8313	8577	264	_shared	token-multi	modules.source.css
50	8577	8768	191	_shared	token-multi	modules.source.css
51	8768	9666	898	_shared	token-multi	modules.source.css
52	9666	9721	55	_shared	token-multi	modules.source.css
53	9721	10355	634	_shared	token-multi	modules.source.css
54	10355	11653	1298	_shared	token-multi	modules.source.css
55	11653	11936	283	_shared	token-multi	modules.source.css
56	11936	12511	575	_shared	token-multi	modules.source.css
57	12511	12636	125	about_me_card	root	modules.source.css
58	12636	13212	576	about_me_card	root	modules.source.css
59	13212	13400	188	about_me_card	root	modules.source.css
60	13400	13513	113	about_me_card	root	modules.source.css
61	13513	13580	67	about_me_card	root	modules.source.css
62	13580	13755	175	about_me_card	root	modules.source.css
63	13755	14076	321	about_me_card	root	modules.source.css
64	14076	14225	149	about_me_card	root	modules.source.css
65	14225	14380	155	about_me_card	root	modules.source.css
66	14380	14516	136	about_me_card	root	modules.source.css
67	14516	15175	659	about_me_card	root	modules.source.css
68	15175	15654	479	about_me_card	root	modules.source.css
69	15654	15772	118	about_me_card	root	modules.source.css
70	15772	15942	170	about_me_card	root	modules.source.css
71	15942	16089	147	about_me_card	root	modules.source.css
72	16089	16176	87	about_me_card	root	modules.source.css
73	16176	16326	150	about_me_card	root	modules.source.css
74	16326	16798	472	about_me_card	root	modules.source.css
75	16798	17120	322	about_me_card	root	modules.source.css
76	17120	17536	416	about_me_card	root	modules.source.css
77	17536	17741	205	about_me_card	root	modules.source.css
78	17741	18165	424	about_me_card	root	modules.source.css
79	18165	18261	96	about_me_card	root	modules.source.css
80	18261	18474	213	about_me_card	root	modules.source.css
81	18474	18745	271	about_me_card	root	modules.source.css
82	18745	18810	65	accordion	root	modules.source.css
83	18810	18971	161	accordion	root	modules.source.css
84	18971	19041	70	accordion	root	modules.source.css
85	19041	19121	80	accordion	root	modules.source.css
86	19121	19203	82	accordion	token	modules.source.css
87	19203	19378	175	accordion	token	modules.source.css
88	19378	19819	441	accordion	root	modules.source.css
89	19819	20211	392	accordion	root	modules.source.css
90	20211	20503	292	accordion	root	modules.source.css
91	20503	20745	242	accordion	root	modules.source.css
92	20745	20843	98	accordion	root	modules.source.css
93	20843	21095	252	accordion	root	modules.source.css
94	21095	21198	103	accordion	root	modules.source.css
95	21198	21391	193	accordion	root	modules.source.css
96	21391	21510	119	accordion	root	modules.source.css
97	21510	21735	225	accordion	root	modules.source.css
98	21735	22070	335	accordion	root	modules.source.css
99	22070	22427	357	accordion	root	modules.source.css
100	22427	22608	181	accordion	root	modules.source.css
101	22608	22806	198	accordion	root	modules.source.css
102	22806	22887	81	accordion	root	modules.source.css
103	22887	22994	107	accordion	root	modules.source.css
104	22994	23131	137	accordion	root	modules.source.css
105	23131	23732	601	accordion	root	modules.source.css
106	23732	23918	186	accordion	root	modules.source.css
107	23918	24045	127	accordion	root	modules.source.css
108	24045	24268	223	accordion	root	modules.source.css
109	24268	24432	164	accordion	root	modules.source.css
110	24432	24619	187	accordion	root	modules.source.css
111	24619	24708	89	accordion	root	modules.source.css
112	24708	25060	352	accordion	root	modules.source.css
113	25060	25184	124	author_matrix	root	modules.source.css
114	25184	25267	83	author_matrix	root	modules.source.css
115	25267	25356	89	author_matrix	root	modules.source.css
116	25356	25445	89	author_matrix	root	modules.source.css
117	25445	25534	89	author_matrix	root	modules.source.css
118	25534	25949	415	author_matrix	root	modules.source.css
119	25949	26075	126	author_matrix	root	modules.source.css
120	26075	26395	320	author_matrix	root	modules.source.css
121	26395	26502	107	author_matrix	root	modules.source.css
122	26502	26738	236	author_matrix	root	modules.source.css
123	26738	26893	155	author_matrix	root	modules.source.css
124	26893	27007	114	author_matrix	root	modules.source.css
125	27007	27109	102	author_matrix	root	modules.source.css
126	27109	27318	209	author_matrix	root	modules.source.css
127	27318	27561	243	author_matrix	root	modules.source.css
128	27561	27839	278	author_matrix	root	modules.source.css
129	27839	27993	154	author_matrix	root	modules.source.css
130	27993	28672	679	author_matrix	root	modules.source.css
131	28672	29014	342	author_matrix	root	modules.source.css
132	29014	29181	167	author_matrix	root	modules.source.css
133	29181	29264	83	author_matrix	root	modules.source.css
134	29264	29390	126	author_matrix	root	modules.source.css
135	29390	29565	175	author_matrix	root	modules.source.css
136	29565	29732	167	blog	root	modules.source.css
137	29732	29870	138	blog	root	modules.source.css
138	29870	29992	122	blog	root	modules.source.css
139	29992	30091	99	blog	root	modules.source.css
140	30091	30195	104	blog	root	modules.source.css
141	30195	30492	297	blog	root	modules.source.css
142	30492	30830	338	blog	root	modules.source.css
143	30830	31011	181	blog	root	modules.source.css
144	31011	31127	116	blog	root	modules.source.css
145	31127	31299	172	blog	root	modules.source.css
146	31299	31518	219	blog	root	modules.source.css
147	31518	31649	131	blog	root	modules.source.css
148	31649	31958	309	blog	root	modules.source.css
149	31958	32103	145	blog	root	modules.source.css
150	32103	32229	126	blog	root	modules.source.css
151	32229	32502	273	blog	root	modules.source.css
152	32502	32693	191	blog	root	modules.source.css
153	32693	32778	85	blog	root	modules.source.css
154	32778	32865	87	blog	root	modules.source.css
155	32865	32997	132	blog	root	modules.source.css
156	32997	33076	79	blog	root	modules.source.css
157	33076	33187	111	blog	root	modules.source.css
158	33187	33344	157	blog	root	modules.source.css
159	33344	33566	222	blog	root	modules.source.css
160	33566	33660	94	blog	root	modules.source.css
161	33660	33785	125	blog	root	modules.source.css
162	33785	33871	86	blog	root	modules.source.css
163	33871	33981	110	blog	root	modules.source.css
164	33981	34215	234	blog	root	modules.source.css
165	34215	34319	104	blog	root	modules.source.css
166	34319	34666	347	blog	root	modules.source.css
167	34666	34816	150	blog	root	modules.source.css
168	34816	34955	139	blog	root	modules.source.css
169	34955	35046	91	blog	root	modules.source.css
170	35046	35236	190	blog	root	modules.source.css
171	35236	35566	330	blog	root	modules.source.css
172	35566	35749	183	blog	root	modules.source.css
173	35749	36110	361	blog	root	modules.source.css
174	36110	36322	212	blog	root	modules.source.css
175	36322	36604	282	blog	root	modules.source.css
176	36604	36852	248	blog	root	modules.source.css
177	36852	37099	247	blog	root	modules.source.css
178	37099	37341	242	blog	root	modules.source.css
179	37341	37568	227	blog	root	modules.source.css
180	37568	37907	339	blog	root	modules.source.css
181	37907	38095	188	blog	root	modules.source.css
182	38095	38275	180	blog	root	modules.source.css
183	38275	38411	136	blog	root	modules.source.css
184	38411	38759	348	blog	root	modules.source.css
185	38759	38961	202	blog	root	modules.source.css
186	38961	39387	426	blog	root	modules.source.css
187	39387	39458	71	blog	root	modules.source.css
188	39458	39564	106	blog	root	modules.source.css
189	39564	39832	268	blog	root	modules.source.css
190	39832	40129	297	blog	root	modules.source.css
191	40129	40388	259	blog	root	modules.source.css
192	40388	40565	177	blog	root	modules.source.css
193	40565	40743	178	blog	root	modules.source.css
194	40743	41710	967	blog	root	modules.source.css
195	41710	42442	732	blog	root	modules.source.css
196	42442	42631	189	blog	root	modules.source.css
197	42631	43140	509	blog	root	modules.source.css
198	43140	43360	220	blog	root	modules.source.css
199	43360	43620	260	blog	root	modules.source.css
200	43620	43791	171	blog	root	modules.source.css
201	43791	43997	206	blog	root	modules.source.css
202	43997	44104	107	blog	root	modules.source.css
203	44104	44269	165	blog	root	modules.source.css
204	44269	44655	386	blog	root	modules.source.css
205	44655	44890	235	blog	root	modules.source.css
206	44890	45112	222	blog	root	modules.source.css
207	45112	45262	150	blog	root	modules.source.css
208	45262	45346	84	blog	root	modules.source.css
209	45346	45440	94	query_loop	root	modules.source.css
210	45440	45575	135	query_loop	token	modules.source.css
211	45575	45744	169	query_loop	token	modules.source.css
212	45744	45909	165	query_loop	token	modules.source.css
213	45909	45987	78	query_loop	token	modules.source.css
214	45987	46085	98	query_loop	token	modules.source.css
215	46085	46194	109	query_loop	token	modules.source.css
216	46194	46303	109	query_loop	token	modules.source.css
217	46303	46412	109	query_loop	token	modules.source.css
218	46412	46805	393	query_loop	token	modules.source.css
219	46805	46957	152	query_loop	token	modules.source.css
220	46957	47096	139	query_loop	token	modules.source.css
221	47096	47242	146	query_loop	token	modules.source.css
222	47242	47338	96	query_loop	token	modules.source.css
223	47338	47478	140	query_loop	token	modules.source.css
224	47478	47755	277	query_loop	token	modules.source.css
225	47755	48155	400	query_loop	token	modules.source.css
226	48155	48358	203	query_loop	token	modules.source.css
227	48358	48439	81	query_loop	token	modules.source.css
228	48439	48514	75	query_loop	token	modules.source.css
229	48514	48701	187	query_loop	token	modules.source.css
230	48701	48949	248	query_loop	token	modules.source.css
231	48949	49031	82	query_loop	token	modules.source.css
232	49031	49301	270	query_loop	token	modules.source.css
233	49301	49491	190	query_loop	token	modules.source.css
234	49491	49948	457	_shared	token-multi	modules.source.css
235	49948	50169	221	_shared	token-multi	modules.source.css
236	50169	50377	208	_shared	token-multi	modules.source.css
237	50377	50645	268	query_loop	token	modules.source.css
238	50645	50816	171	query_loop	token	modules.source.css
239	50816	51033	217	query_loop	token	modules.source.css
240	51033	51274	241	query_loop	token	modules.source.css
241	51274	51661	387	_shared	token-multi	modules.source.css
242	51661	51861	200	query_loop	token	modules.source.css
243	51861	52321	460	query_loop	root	modules.source.css
244	52321	52434	113	blog	root	modules.source.css
245	52434	52763	329	blog	root	modules.source.css
246	52763	52871	108	blog	root	modules.source.css
247	52871	52977	106	blog	root	modules.source.css
248	52977	53124	147	blog	root	modules.source.css
249	53124	53312	188	blog	root	modules.source.css
250	53312	53529	217	blog	root	modules.source.css
251	53529	53866	337	blog	root	modules.source.css
252	53866	54093	227	blog	root	modules.source.css
253	54093	54413	320	blog	root	modules.source.css
254	54413	54728	315	blog	root	modules.source.css
255	54728	54920	192	blog	root	modules.source.css
256	54920	55115	195	blog	root	modules.source.css
257	55115	55271	156	blog	root	modules.source.css
258	55271	55463	192	blog	root	modules.source.css
259	55463	55606	143	blog	root	modules.source.css
260	55606	55800	194	_shared	token-multi	modules.source.css
261	55800	56020	220	booking-entry	root	modules.source.css
262	56020	56121	101	booking-entry	root	modules.source.css
263	56121	56251	130	booking-entry	root	modules.source.css
264	56251	56449	198	booking-entry	root	modules.source.css
265	56449	56687	238	booking-entry	root	modules.source.css
266	56687	57153	466	booking-entry	root	modules.source.css
267	57153	57304	151	booking-entry	root	modules.source.css
268	57304	57527	223	booking-entry	root	modules.source.css
269	57527	57772	245	booking-entry	root	modules.source.css
270	57772	57893	121	booking-entry	root	modules.source.css
271	57893	57994	101	booking-entry	root	modules.source.css
272	57994	58105	111	booking-entry	root	modules.source.css
273	58105	58347	242	booking-entry	root	modules.source.css
274	58347	58508	161	booking-entry	root	modules.source.css
275	58508	58632	124	booking-entry	root	modules.source.css
276	58632	58784	152	booking-entry	root	modules.source.css
277	58784	58933	149	booking-entry	root	modules.source.css
278	58933	59081	148	booking-entry	root	modules.source.css
279	59081	59203	122	booking-entry	root	modules.source.css
280	59203	59339	136	booking-entry	root	modules.source.css
281	59339	59496	157	booking-entry	root	modules.source.css
282	59496	59987	491	booking-entry	root	modules.source.css
283	59987	60105	118	booking-entry	root	modules.source.css
284	60105	60239	134	booking-entry	root	modules.source.css
285	60239	60743	504	booking-entry	root	modules.source.css
286	60743	61058	315	booking-entry	root	modules.source.css
287	61058	61193	135	booking-entry	root	modules.source.css
288	61193	61453	260	booking-entry	root	modules.source.css
289	61453	61596	143	booking-entry	root	modules.source.css
290	61596	62217	621	booking-entry	root	modules.source.css
291	62217	62750	533	booking-entry	root	modules.source.css
292	62750	63038	288	booking-entry	root	modules.source.css
293	63038	63137	99	booking-entry	root	modules.source.css
294	63137	63280	143	booking-entry	root	modules.source.css
295	63280	63734	454	booking-entry	root	modules.source.css
296	63734	63873	139	booking-entry	root	modules.source.css
297	63873	64033	160	booking-entry	root	modules.source.css
298	64033	64463	430	booking-entry	root	modules.source.css
299	64463	64672	209	booking-entry	root	modules.source.css
300	64672	64775	103	booking-entry	root	modules.source.css
301	64775	65211	436	booking-entry	root	modules.source.css
302	65211	65323	112	booking-entry	root	modules.source.css
303	65323	65499	176	branches	root	modules.source.css
304	65499	65627	128	branches	root	modules.source.css
305	65627	65695	68	branches	token	modules.source.css
306	65695	65774	79	branches	root	modules.source.css
307	65774	65933	159	branches	token	modules.source.css
308	65933	66319	386	branches	token	modules.source.css
309	66319	66544	225	branches	token	modules.source.css
310	66544	66688	144	branches	token	modules.source.css
311	66688	66772	84	branches	token	modules.source.css
312	66772	66856	84	branches	token	modules.source.css
313	66856	67428	572	branches	root	modules.source.css
314	67428	67588	160	branches	token	modules.source.css
315	67588	67652	64	branches	token	modules.source.css
316	67652	67753	101	branches	token	modules.source.css
317	67753	67817	64	branches	token	modules.source.css
318	67817	67893	76	branches	token	modules.source.css
319	67893	68049	156	branches	token	modules.source.css
320	68049	68213	164	branches	token	modules.source.css
321	68213	68408	195	branches	token	modules.source.css
322	68408	68470	62	branches	token	modules.source.css
323	68470	68650	180	branches	token	modules.source.css
324	68650	68770	120	branches	token	modules.source.css
325	68770	68890	120	branches	token	modules.source.css
326	68890	69008	118	branches	token	modules.source.css
327	69008	69125	117	branches	token	modules.source.css
328	69125	69251	126	branches	token	modules.source.css
329	69251	69376	125	branches	token	modules.source.css
330	69376	69656	280	branches	token	modules.source.css
331	69656	69860	204	branches	token	modules.source.css
332	69860	69958	98	branches	token	modules.source.css
333	69958	70031	73	branches	token	modules.source.css
334	70031	70125	94	branches	token	modules.source.css
335	70125	70239	114	branches	token	modules.source.css
336	70239	70365	126	branches	token	modules.source.css
337	70365	70819	454	branches	token	modules.source.css
338	70819	71088	269	branches	token	modules.source.css
339	71088	71361	273	branches	token	modules.source.css
340	71361	71780	419	branches	token	modules.source.css
341	71780	72203	423	branches	token	modules.source.css
342	72203	72347	144	branches	token	modules.source.css
343	72347	72845	498	branches	token	modules.source.css
344	72845	72939	94	branches	root	modules.source.css
345	72939	73071	132	branches	root	modules.source.css
346	73071	73160	89	branches	root	modules.source.css
347	73160	73462	302	branches	token	modules.source.css
348	73462	73747	285	branches	root	modules.source.css
349	73747	73811	64	branches	token	modules.source.css
350	73811	73883	72	branches	token	modules.source.css
351	73883	73994	111	branches	token	modules.source.css
352	73994	74177	183	branches	token	modules.source.css
353	74177	74306	129	branches	token	modules.source.css
354	74306	74435	129	branches	token	modules.source.css
355	74435	74562	127	branches	token	modules.source.css
356	74562	74687	125	branches	token	modules.source.css
357	74687	74755	68	branches	token	modules.source.css
358	74755	74929	174	branches	token	modules.source.css
359	74929	75450	521	breaking_news_ticker	root	modules.source.css
360	75450	75910	460	breaking_news_ticker	root	modules.source.css
361	75910	76012	102	breaking_news_ticker	root	modules.source.css
362	76012	76207	195	breaking_news_ticker	root	modules.source.css
363	76207	76382	175	breaking_news_ticker	root	modules.source.css
364	76382	76702	320	breaking_news_ticker	root	modules.source.css
365	76702	76801	99	breaking_news_ticker	root	modules.source.css
366	76801	76866	65	breaking_news_ticker	root	modules.source.css
367	76866	77058	192	breaking_news_ticker	root	modules.source.css
368	77058	77375	317	breaking_news_ticker	root	modules.source.css
369	77375	77475	100	breaking_news_ticker	root	modules.source.css
370	77475	77693	218	breaking_news_ticker	root	modules.source.css
371	77693	77821	128	breaking_news_ticker	root	modules.source.css
372	77821	77987	166	breaking_news_ticker	root	modules.source.css
373	77987	78106	119	breaking_news_ticker	section-fallback	modules.source.css
374	78106	78474	368	breaking_news_ticker	root	modules.source.css
375	78474	78951	477	chart	root	modules.source.css
376	78951	79143	192	chart	root	modules.source.css
377	79143	79231	88	chart	root	modules.source.css
378	79231	79629	398	chart	root	modules.source.css
379	79629	79732	103	chart	root	modules.source.css
380	79732	79874	142	chart	root	modules.source.css
381	79874	79980	106	cases	root	modules.source.css
382	79980	80054	74	cases	root	modules.source.css
383	80054	80475	421	cases	root	modules.source.css
384	80475	80734	259	cases	root	modules.source.css
385	80734	80812	78	cases	root	modules.source.css
386	80812	80906	94	cases	root	modules.source.css
387	80906	81000	94	cases	root	modules.source.css
388	81000	81094	94	cases	root	modules.source.css
389	81094	81576	482	cases	root	modules.source.css
390	81576	81732	156	cases	root	modules.source.css
391	81732	81802	70	cases	root	modules.source.css
392	81802	81879	77	cases	root	modules.source.css
393	81879	82000	121	cases	root	modules.source.css
394	82000	82128	128	cases	root	modules.source.css
395	82128	82261	133	cases	root	modules.source.css
396	82261	82348	87	cases	root	modules.source.css
397	82348	82421	73	cases	root	modules.source.css
398	82421	82484	63	cases	root	modules.source.css
399	82484	82616	132	cases	root	modules.source.css
400	82616	82806	190	cases	root	modules.source.css
401	82806	83111	305	cases	root	modules.source.css
402	83111	83332	221	category_tabs	root	modules.source.css
403	83332	83416	84	category_tabs	root	modules.source.css
404	83416	83832	416	category_tabs	root	modules.source.css
405	83832	84074	242	category_tabs	root	modules.source.css
406	84074	84306	232	category_tabs	root	modules.source.css
407	84306	84442	136	category_tabs	root	modules.source.css
408	84442	84537	95	category_tabs	root	modules.source.css
409	84537	84632	95	category_tabs	root	modules.source.css
410	84632	84727	95	category_tabs	root	modules.source.css
411	84727	84822	95	category_tabs	root	modules.source.css
412	84822	85447	625	category_tabs	root	modules.source.css
413	85447	85640	193	category_tabs	root	modules.source.css
414	85640	85753	113	category_tabs	root	modules.source.css
415	85753	85902	149	category_tabs	root	modules.source.css
416	85902	86008	106	category_tabs	root	modules.source.css
417	86008	86110	102	category_tabs	root	modules.source.css
418	86110	86213	103	category_tabs	root	modules.source.css
419	86213	86319	106	category_tabs	root	modules.source.css
420	86319	86501	182	category_tabs	root	modules.source.css
421	86501	86604	103	category_tabs	root	modules.source.css
422	86604	87196	592	category_tabs	root	modules.source.css
423	87196	87303	107	category_tabs	root	modules.source.css
424	87303	87782	479	category_tabs	root	modules.source.css
425	87782	88040	258	category_tabs	root	modules.source.css
426	88040	88213	173	category_tabs	root	modules.source.css
427	88213	88367	154	category_tabs	root	modules.source.css
428	88367	88616	249	category_tabs	root	modules.source.css
429	88616	88716	100	category_tabs	root	modules.source.css
430	88716	88936	220	category_tabs	root	modules.source.css
431	88936	89044	108	category_tabs	root	modules.source.css
432	89044	89216	172	category_tabs	root	modules.source.css
433	89216	89664	448	category_tabs	root	modules.source.css
434	89664	89882	218	category_tabs	root	modules.source.css
435	89882	90598	716	category_tabs	root	modules.source.css
436	90598	91096	498	category_tabs	root	modules.source.css
437	91096	91237	141	category_tabs	root	modules.source.css
438	91237	91338	101	category_tabs	root	modules.source.css
439	91338	91434	96	category_tabs	root	modules.source.css
440	91434	91564	130	category_tabs	root	modules.source.css
441	91564	92278	714	category_tabs	root	modules.source.css
442	92278	92755	477	category_tabs	root	modules.source.css
443	92755	92844	89	category_tabs	root	modules.source.css
444	92844	93171	327	category_tabs	root	modules.source.css
445	93171	93474	303	category_tabs	root	modules.source.css
446	93474	93537	63	category_tabs	section-fallback	modules.source.css
447	93537	93671	134	category_tabs	root	modules.source.css
448	93671	93918	247	category_tabs	root	modules.source.css
449	93918	94125	207	category_tabs	root	modules.source.css
450	94125	94622	497	category_tabs	root	modules.source.css
451	94622	94898	276	category_tabs	root	modules.source.css
452	94898	95040	142	certificate_honors	root	modules.source.css
453	95040	95218	178	certificate_honors	root	modules.source.css
454	95218	95632	414	certificate_honors	root	modules.source.css
455	95632	96030	398	certificate_honors	root	modules.source.css
456	96030	96171	141	certificate_honors	root	modules.source.css
457	96171	96279	108	certificate_honors	root	modules.source.css
458	96279	96387	108	certificate_honors	root	modules.source.css
459	96387	96888	501	certificate_honors	root	modules.source.css
460	96888	97076	188	certificate_honors	root	modules.source.css
461	97076	97243	167	certificate_honors	root	modules.source.css
462	97243	97359	116	certificate_honors	root	modules.source.css
463	97359	98009	650	certificate_honors	root	modules.source.css
464	98009	98131	122	certificate_honors	root	modules.source.css
465	98131	98542	411	certificate_honors	root	modules.source.css
466	98542	98716	174	certificate_honors	root	modules.source.css
467	98716	98895	179	certificate_honors	root	modules.source.css
468	98895	99447	552	certificate_honors	root	modules.source.css
469	99447	99689	242	certificate_honors	root	modules.source.css
470	99689	99873	184	certificate_honors	root	modules.source.css
471	99873	100121	248	certificate_honors	root	modules.source.css
472	100121	100399	278	certificate_honors	root	modules.source.css
473	100399	100826	427	certificate_honors	root	modules.source.css
474	100826	100918	92	certificate_honors	root	modules.source.css
475	100918	101009	91	certificate_honors	root	modules.source.css
476	101009	101166	157	certificate_honors	root	modules.source.css
477	101166	101365	199	circle_wheel	root	modules.source.css
478	101365	101496	131	circle_wheel	root	modules.source.css
479	101496	101641	145	circle_wheel	root	modules.source.css
480	101641	101759	118	circle_wheel	root	modules.source.css
481	101759	102013	254	circle_wheel	root	modules.source.css
482	102013	102223	210	circle_wheel	root	modules.source.css
483	102223	102389	166	circle_wheel	root	modules.source.css
484	102389	102588	199	circle_wheel	token	modules.source.css
485	102588	102986	398	circle_wheel	root	modules.source.css
486	102986	103097	111	circle_wheel	token	modules.source.css
487	103097	103278	181	circle_wheel	root	modules.source.css
488	103278	103389	111	circle_wheel	token	modules.source.css
489	103389	103572	183	circle_wheel	root	modules.source.css
490	103572	103812	240	circle_wheel	token	modules.source.css
491	103812	103974	162	circle_wheel	root	modules.source.css
492	103974	104118	144	circle_wheel	token	modules.source.css
493	104118	104178	60	circle_wheel	root	modules.source.css
494	104178	104306	128	circle_wheel	token	modules.source.css
495	104306	104541	235	circle_wheel	token	modules.source.css
496	104541	104764	223	circle_wheel	root	modules.source.css
497	104764	104911	147	circle_wheel	token	modules.source.css
498	104911	105016	105	circle_wheel	root	modules.source.css
499	105016	105150	134	circle_wheel	token	modules.source.css
500	105150	105211	61	circle_wheel	token	modules.source.css
501	105211	105321	110	circle_wheel	section-fallback	modules.source.css
502	105321	105521	200	circle_wheel	token	modules.source.css
503	105521	105834	313	circle_wheel	token	modules.source.css
504	105834	105911	77	circle_wheel	root	modules.source.css
505	105911	106110	199	circle_wheel	section-fallback	modules.source.css
506	106110	106261	151	circle_wheel	token	modules.source.css
507	106261	106480	219	circle_wheel	token	modules.source.css
508	106480	106584	104	circle_wheel	root	modules.source.css
509	106584	106775	191	circle_wheel	token	modules.source.css
510	106775	106943	168	circle_wheel	root	modules.source.css
511	106943	107132	189	circle_wheel	token	modules.source.css
512	107132	107309	177	circle_wheel	root	modules.source.css
513	107309	107490	181	circle_wheel	token	modules.source.css
514	107490	107772	282	circle_wheel	root	modules.source.css
515	107772	108331	559	circle_wheel	token	modules.source.css
516	108331	108556	225	circle_wheel	token	modules.source.css
517	108556	108686	130	circle_wheel	root	modules.source.css
518	108686	108878	192	circle_wheel	token	modules.source.css
519	108878	108988	110	circle_wheel	root	modules.source.css
520	108988	109121	133	circle_wheel	root	modules.source.css
521	109121	109210	89	circle_wheel	token	modules.source.css
522	109210	109342	132	clients	root	modules.source.css
523	109342	109500	158	clients	root	modules.source.css
524	109500	109630	130	clients	root	modules.source.css
525	109630	109711	81	clients	root	modules.source.css
526	109711	109818	107	clients	root	modules.source.css
527	109818	109893	75	clients	root	modules.source.css
528	109893	109968	75	clients	root	modules.source.css
529	109968	110043	75	clients	root	modules.source.css
530	110043	110886	843	clients	root	modules.source.css
531	110886	111008	122	clients	root	modules.source.css
532	111008	111184	176	clients	root	modules.source.css
533	111184	111332	148	clients	root	modules.source.css
534	111332	111422	90	clients	root	modules.source.css
535	111422	111527	105	clients	root	modules.source.css
536	111527	111737	210	clients	root	modules.source.css
537	111737	111895	158	clients	root	modules.source.css
538	111895	112013	118	clients	section-fallback	modules.source.css
539	112013	112121	108	clients	root	modules.source.css
540	112121	112572	451	clients	root	modules.source.css
541	112572	112678	106	clients	root	modules.source.css
542	112678	112815	137	clients	root	modules.source.css
543	112815	112901	86	clients	root	modules.source.css
544	112901	112986	85	clients	root	modules.source.css
545	112986	113163	177	clients	root	modules.source.css
546	113163	113338	175	clients	root	modules.source.css
547	113338	113545	207	clients	root	modules.source.css
548	113545	113904	359	clients	root	modules.source.css
549	113904	114021	117	columns	root	modules.source.css
550	114021	114104	83	columns	root	modules.source.css
551	114104	114179	75	columns	root	modules.source.css
552	114179	114254	75	columns	root	modules.source.css
553	114254	114329	75	columns	root	modules.source.css
554	114329	115000	671	columns	root	modules.source.css
555	115000	115211	211	columns	root	modules.source.css
556	115211	115443	232	columns	root	modules.source.css
557	115443	115610	167	columns	root	modules.source.css
558	115610	115695	85	columns	root	modules.source.css
559	115695	115908	213	columns	root	modules.source.css
560	115908	116026	118	columns	root	modules.source.css
561	116026	116133	107	columns	root	modules.source.css
562	116133	116559	426	columns	root	modules.source.css
563	116559	116666	107	columns	root	modules.source.css
564	116666	116747	81	columns	root	modules.source.css
565	116747	116833	86	columns	root	modules.source.css
566	116833	116919	86	columns	root	modules.source.css
567	116919	117004	85	columns	root	modules.source.css
568	117004	117147	143	columns	root	modules.source.css
569	117147	117349	202	columns	root	modules.source.css
570	117349	117570	221	comparison	root	modules.source.css
571	117570	117700	130	comparison	root	modules.source.css
572	117700	117771	71	comparison	root	modules.source.css
573	117771	117852	81	comparison	root	modules.source.css
574	117852	118236	384	comparison	token	modules.source.css
575	118236	118435	199	comparison	token	modules.source.css
576	118435	118630	195	comparison	token	modules.source.css
577	118630	118884	254	comparison	token	modules.source.css
578	118884	119153	269	comparison	token	modules.source.css
579	119153	119406	253	comparison	token	modules.source.css
580	119406	119893	487	comparison	token	modules.source.css
581	119893	120009	116	comparison	token	modules.source.css
582	120009	120096	87	comparison	token	modules.source.css
583	120096	120300	204	comparison	token	modules.source.css
584	120300	120578	278	comparison	token	modules.source.css
585	120578	120667	89	comparison	token	modules.source.css
586	120667	120780	113	comparison	token	modules.source.css
587	120780	120890	110	comparison	token	modules.source.css
588	120890	121027	137	comparison	token	modules.source.css
589	121027	121179	152	comparison	token	modules.source.css
590	121179	121307	128	comparison	token	modules.source.css
591	121307	121564	257	comparison	token	modules.source.css
592	121564	121713	149	comparison	token	modules.source.css
593	121713	121936	223	comparison	token	modules.source.css
594	121936	122091	155	comparison	token	modules.source.css
595	122091	122219	128	comparison	token	modules.source.css
596	122219	122393	174	comparison	token	modules.source.css
597	122393	122508	115	comparison	token	modules.source.css
598	122508	122587	79	comparison	token	modules.source.css
599	122587	122738	151	comparison	token	modules.source.css
600	122738	122851	113	comparison	token	modules.source.css
601	122851	123457	606	comparison	token	modules.source.css
602	123457	123500	43	contact	root	modules.source.css
603	123500	123627	127	contact	root	modules.source.css
604	123627	123710	83	contact	root	modules.source.css
605	123710	123788	78	contact	root	modules.source.css
606	123788	124087	299	contact	root	modules.source.css
607	124087	124196	109	contact	root	modules.source.css
608	124196	124706	510	contact	root	modules.source.css
609	124706	124880	174	contact	root	modules.source.css
610	124880	124950	70	contact	root	modules.source.css
611	124950	125131	181	contact	root	modules.source.css
612	125131	125223	92	contact	root	modules.source.css
613	125223	125315	92	contact	root	modules.source.css
614	125315	125401	86	contact	root	modules.source.css
615	125401	125494	93	contact	root	modules.source.css
616	125494	125586	92	contact	root	modules.source.css
617	125586	125679	93	contact	root	modules.source.css
618	125679	125768	89	contact	root	modules.source.css
619	125768	125993	225	contact	root	modules.source.css
620	125993	126164	171	contact	root	modules.source.css
621	126164	126378	214	contact	root	modules.source.css
622	126378	126482	104	contact	root	modules.source.css
623	126482	126907	425	contact	root	modules.source.css
624	126907	127025	118	contact	root	modules.source.css
625	127025	127146	121	contact	root	modules.source.css
626	127146	127296	150	contact	root	modules.source.css
627	127296	127351	55	contact	root	modules.source.css
628	127351	127640	289	contact	root	modules.source.css
629	127640	128068	428	contact	root	modules.source.css
630	128068	128222	154	contact	root	modules.source.css
631	128222	128325	103	contact	root	modules.source.css
632	128325	128426	101	contact	root	modules.source.css
633	128426	128535	109	contact	root	modules.source.css
634	128535	128684	149	contact	root	modules.source.css
635	128684	128770	86	contact	root	modules.source.css
636	128770	128837	67	contact	root	modules.source.css
637	128837	128941	104	contact	root	modules.source.css
638	128941	129097	156	contact	root	modules.source.css
639	129097	129670	573	contact	root	modules.source.css
640	129670	129954	284	contact	root	modules.source.css
641	129954	130039	85	contact	root	modules.source.css
642	130039	130129	90	contact	root	modules.source.css
643	130129	130716	587	contact	root	modules.source.css
644	130716	131033	317	contact	root	modules.source.css
645	131033	131193	160	contact	root	modules.source.css
646	131193	131396	203	contact	root	modules.source.css
647	131396	131735	339	contact	root	modules.source.css
648	131735	131864	129	contact	root	modules.source.css
649	131864	132002	138	contact	root	modules.source.css
650	132002	132105	103	contact	root	modules.source.css
651	132105	132565	460	contact	root	modules.source.css
652	132565	132651	86	contact	root	modules.source.css
653	132651	132952	301	contact	root	modules.source.css
654	132952	133070	118	contact	root	modules.source.css
655	133070	133170	100	contact	root	modules.source.css
656	133170	133322	152	contact	root	modules.source.css
657	133322	133498	176	contact	root	modules.source.css
658	133498	134709	1211	contact	root	modules.source.css
659	134709	134784	75	contact	root	modules.source.css
660	134784	134915	131	contact	root	modules.source.css
661	134915	135003	88	contact	root	modules.source.css
662	135003	135098	95	contact	root	modules.source.css
663	135098	135245	147	contact	root	modules.source.css
664	135245	135504	259	contact	root	modules.source.css
665	135504	135758	254	contact	root	modules.source.css
666	135758	135852	94	contact	root	modules.source.css
667	135852	136157	305	contact	root	modules.source.css
668	136157	136486	329	contact	root	modules.source.css
669	136486	136953	467	contact	root	modules.source.css
670	136953	137306	353	contact	root	modules.source.css
671	137306	137477	171	contact	root	modules.source.css
672	137477	137703	226	contact	root	modules.source.css
673	137703	137768	65	contact	section-fallback	modules.source.css
674	137768	137886	118	countdown	root	modules.source.css
675	137886	137994	108	countdown	token	modules.source.css
676	137994	138114	120	countdown	token	modules.source.css
677	138114	138216	102	countdown	token	modules.source.css
678	138216	138343	127	countdown	token	modules.source.css
679	138343	138405	62	countdown	token	modules.source.css
680	138405	138519	114	countdown	token	modules.source.css
681	138519	138636	117	countdown	token	modules.source.css
682	138636	138871	235	countdown	token	modules.source.css
683	138871	138942	71	countdown	token	modules.source.css
684	138942	139020	78	countdown	token	modules.source.css
685	139020	139097	77	countdown	token	modules.source.css
686	139097	139214	117	countdown	token	modules.source.css
687	139214	139281	67	countdown	token	modules.source.css
688	139281	139531	250	countdown	token	modules.source.css
689	139531	139610	79	countdown	token	modules.source.css
690	139610	139864	254	countdown	token	modules.source.css
691	139864	139952	88	countdown	token	modules.source.css
692	139952	140054	102	countdown	token	modules.source.css
693	140054	140216	162	countdown	token	modules.source.css
694	140216	140346	130	countdown	token	modules.source.css
695	140346	140570	224	countdown	token	modules.source.css
696	140570	140628	58	countdown	token	modules.source.css
697	140628	140729	101	countdown	token	modules.source.css
698	140729	140863	134	countdown	token	modules.source.css
699	140863	141213	350	countdown	token	modules.source.css
700	141213	141331	118	countdown	token	modules.source.css
701	141331	141860	529	countdown	token	modules.source.css
702	141860	142062	202	countdown	token	modules.source.css
703	142062	142201	139	countdown	root	modules.source.css
704	142201	142317	116	countdown	token	modules.source.css
705	142317	142432	115	countdown	token	modules.source.css
706	142432	142523	91	countdown	token	modules.source.css
707	142523	142793	270	countdown	token	modules.source.css
708	142793	142907	114	countdown	token	modules.source.css
709	142907	143546	639	cta	root	modules.source.css
710	143546	143612	66	cta	root	modules.source.css
711	143612	143790	178	cta	root	modules.source.css
712	143790	143981	191	cta	root	modules.source.css
713	143981	144222	241	cta	root	modules.source.css
714	144222	144445	223	cta	root	modules.source.css
715	144445	145027	582	cta	root	modules.source.css
716	145027	145454	427	cta	root	modules.source.css
717	145454	145798	344	cta	token	modules.source.css
718	145798	145878	80	cta	token	modules.source.css
719	145878	146078	200	cta	token	modules.source.css
720	146078	146236	158	cta	token	modules.source.css
721	146236	146317	81	cta	token	modules.source.css
722	146317	146817	500	cta	token	modules.source.css
723	146817	147160	343	cta	root	modules.source.css
724	147160	147465	305	cta	root	modules.source.css
725	147465	147644	179	cta	root	modules.source.css
726	147644	147797	153	cta	root	modules.source.css
727	147797	147877	80	cta	root	modules.source.css
728	147877	148182	305	cta	root	modules.source.css
729	148182	148375	193	curriculum	root	modules.source.css
730	148375	148456	81	curriculum	root	modules.source.css
731	148456	148861	405	curriculum	root	modules.source.css
732	148861	148977	116	curriculum	root	modules.source.css
733	148977	149058	81	curriculum	root	modules.source.css
734	149058	149363	305	curriculum	root	modules.source.css
735	149363	149498	135	curriculum	root	modules.source.css
736	149498	149556	58	curriculum	root	modules.source.css
737	149556	149731	175	curriculum	root	modules.source.css
738	149731	150150	419	curriculum	root	modules.source.css
739	150150	150441	291	curriculum	root	modules.source.css
740	150441	150736	295	curriculum	root	modules.source.css
741	150736	150821	85	curriculum	root	modules.source.css
742	150821	150905	84	curriculum	root	modules.source.css
743	150905	151164	259	curriculum	root	modules.source.css
744	151164	151324	160	curriculum	root	modules.source.css
745	151324	151451	127	curriculum	root	modules.source.css
746	151451	151593	142	curriculum	root	modules.source.css
747	151593	151755	162	curriculum	root	modules.source.css
748	151755	152148	393	curriculum	root	modules.source.css
749	152148	152334	186	curriculum	root	modules.source.css
750	152334	152428	94	curriculum	root	modules.source.css
751	152428	152535	107	curriculum	root	modules.source.css
752	152535	152631	96	curriculum	root	modules.source.css
753	152631	152753	122	double_column_carousel	root	modules.source.css
754	152753	152825	72	double_column_carousel	root	modules.source.css
755	152825	153270	445	double_column_carousel	root	modules.source.css
756	153270	153353	83	double_column_carousel	root	modules.source.css
757	153353	153786	433	double_column_carousel	root	modules.source.css
758	153786	154368	582	double_column_carousel	root	modules.source.css
759	154368	154449	81	double_column_carousel	root	modules.source.css
760	154449	154607	158	double_column_carousel	root	modules.source.css
761	154607	154753	146	double_column_carousel	root	modules.source.css
762	154753	155065	312	double_column_carousel	root	modules.source.css
763	155065	155240	175	double_column_carousel	root	modules.source.css
764	155240	155361	121	double_column_carousel	root	modules.source.css
765	155361	155913	552	double_column_carousel	root	modules.source.css
766	155913	156524	611	double_column_carousel	root	modules.source.css
767	156524	157313	789	double_column_carousel	root	modules.source.css
768	157313	157434	121	downloads	root	modules.source.css
769	157434	157532	98	downloads	root	modules.source.css
770	157532	157619	87	downloads	root	modules.source.css
771	157619	158345	726	downloads	root	modules.source.css
772	158345	158530	185	downloads	root	modules.source.css
773	158530	158673	143	downloads	root	modules.source.css
774	158673	159195	522	downloads	root	modules.source.css
775	159195	159260	65	downloads	root	modules.source.css
776	159260	159580	320	downloads	root	modules.source.css
777	159580	159744	164	downloads	root	modules.source.css
778	159744	160038	294	downloads	root	modules.source.css
779	160038	160225	187	downloads	root	modules.source.css
780	160225	160499	274	downloads	root	modules.source.css
781	160499	160616	117	downloads	root	modules.source.css
782	160616	161318	702	downloads	root	modules.source.css
783	161318	161691	373	downloads	root	modules.source.css
784	161691	162153	462	downloads	root	modules.source.css
785	162153	162289	136	downloads	root	modules.source.css
786	162289	162458	169	downloads	root	modules.source.css
787	162458	162558	100	downloads	root	modules.source.css
788	162558	162937	379	downloads	root	modules.source.css
789	162937	163022	85	downloads	root	modules.source.css
790	163022	163110	88	downloads	root	modules.source.css
791	163110	163197	87	downloads	root	modules.source.css
792	163197	163281	84	downloads	root	modules.source.css
793	163281	163422	141	downloads	root	modules.source.css
794	163422	163505	83	downloads	root	modules.source.css
795	163505	163790	285	downloads	root	modules.source.css
796	163790	164181	391	downloads	root	modules.source.css
797	164181	164236	55	experience_timeline	root	modules.source.css
798	164236	164375	139	experience_timeline	root	modules.source.css
799	164375	164468	93	experience_timeline	root	modules.source.css
800	164468	164558	90	experience_timeline	root	modules.source.css
801	164558	164662	104	experience_timeline	root	modules.source.css
802	164662	164845	183	experience_timeline	root	modules.source.css
803	164845	164909	64	experience_timeline	root	modules.source.css
804	164909	165182	273	experience_timeline	root	modules.source.css
805	165182	165610	428	experience_timeline	root	modules.source.css
806	165610	165785	175	experience_timeline	root	modules.source.css
807	165785	166115	330	experience_timeline	root	modules.source.css
808	166115	166222	107	experience_timeline	root	modules.source.css
809	166222	166297	75	experience_timeline	root	modules.source.css
810	166297	166578	281	experience_timeline	root	modules.source.css
811	166578	166667	89	experience_timeline	root	modules.source.css
812	166667	166996	329	experience_timeline	root	modules.source.css
813	166996	167562	566	experience_timeline	root	modules.source.css
814	167562	167708	146	experience_timeline	root	modules.source.css
815	167708	167907	199	experience_timeline	root	modules.source.css
816	167907	168318	411	experience_timeline	root	modules.source.css
817	168318	168489	171	experience_timeline	root	modules.source.css
818	168489	168648	159	experience_timeline	root	modules.source.css
819	168648	168770	122	experience_timeline	root	modules.source.css
820	168770	168856	86	experience_timeline	root	modules.source.css
821	168856	169034	178	experience_timeline	root	modules.source.css
822	169034	169181	147	experience_timeline	root	modules.source.css
823	169181	169512	331	experience_timeline	root	modules.source.css
824	169512	169767	255	experience_timeline	root	modules.source.css
825	169767	169854	87	experience_timeline	root	modules.source.css
826	169854	169952	98	experience_timeline	root	modules.source.css
827	169952	170049	97	experience_timeline	root	modules.source.css
828	170049	170204	155	experience_timeline	root	modules.source.css
829	170204	170601	397	experience_timeline	root	modules.source.css
830	170601	170693	92	experience_timeline	root	modules.source.css
831	170693	170786	93	experience_timeline	root	modules.source.css
832	170786	170985	199	experience_timeline	root	modules.source.css
833	170985	171122	137	experience_timeline	root	modules.source.css
834	171122	171230	108	experience_timeline	root	modules.source.css
835	171230	171353	123	faq	root	modules.source.css
836	171353	171427	74	faq	root	modules.source.css
837	171427	172006	579	faq	root	modules.source.css
838	172006	172226	220	faq	root	modules.source.css
839	172226	172716	490	faq	root	modules.source.css
840	172716	172814	98	faq	root	modules.source.css
841	172814	173142	328	faq	root	modules.source.css
842	173142	173340	198	faq	root	modules.source.css
843	173340	173440	100	faq	root	modules.source.css
844	173440	173610	170	faq	root	modules.source.css
845	173610	173823	213	faq	root	modules.source.css
846	173823	173917	94	faq	root	modules.source.css
847	173917	174306	389	faq	root	modules.source.css
848	174306	174521	215	faq	root	modules.source.css
849	174521	174662	141	faq	root	modules.source.css
850	174662	174748	86	faq	root	modules.source.css
851	174748	174875	127	faq	root	modules.source.css
852	174875	174959	84	faq	root	modules.source.css
853	174959	175047	88	featured_posts	root	modules.source.css
854	175047	175132	85	featured_posts	root	modules.source.css
855	175132	175221	89	featured_posts	root	modules.source.css
856	175221	175384	163	featured_posts	root	modules.source.css
857	175384	175530	146	featured_posts	root	modules.source.css
858	175530	175659	129	featured_posts	root	modules.source.css
859	175659	175861	202	featured_posts	root	modules.source.css
860	175861	175956	95	featured_posts	root	modules.source.css
861	175956	176116	160	featured_posts	root	modules.source.css
862	176116	176320	204	featured_posts	root	modules.source.css
863	176320	176406	86	featured_posts	root	modules.source.css
864	176406	176858	452	featured_posts	root	modules.source.css
865	176858	177011	153	featured_posts	root	modules.source.css
866	177011	177479	468	featured_posts	root	modules.source.css
867	177479	177688	209	featured_posts	root	modules.source.css
868	177688	177987	299	featured_posts	root	modules.source.css
869	177987	178211	224	featured_posts	root	modules.source.css
870	178211	178375	164	featured_posts	root	modules.source.css
871	178375	178485	110	featured_posts	root	modules.source.css
872	178485	178641	156	featured_posts	root	modules.source.css
873	178641	178742	101	featured_posts	root	modules.source.css
874	178742	179256	514	featured_posts	root	modules.source.css
875	179256	179506	250	featured_posts	root	modules.source.css
876	179506	179563	57	featured_posts	root	modules.source.css
877	179563	179621	58	featured_posts	root	modules.source.css
878	179621	179802	181	featured_posts	root	modules.source.css
879	179802	180006	204	featured_posts	root	modules.source.css
880	180006	180170	164	featured_posts	root	modules.source.css
881	180170	180362	192	featured_posts	root	modules.source.css
882	180362	180562	200	featured_posts	root	modules.source.css
883	180562	180753	191	featured_posts	root	modules.source.css
884	180753	180815	62	featured_posts	root	modules.source.css
885	180815	181018	203	featured_posts	root	modules.source.css
886	181018	181107	89	featured_posts	root	modules.source.css
887	181107	181507	400	featured_posts	root	modules.source.css
888	181507	181659	152	featured_posts	root	modules.source.css
889	181659	182058	399	featured_posts	root	modules.source.css
890	182058	182295	237	featured_posts	root	modules.source.css
891	182295	182403	108	featured_posts	root	modules.source.css
892	182403	182498	95	featured_posts	root	modules.source.css
893	182498	182592	94	featured_posts	root	modules.source.css
894	182592	182695	103	featured_posts	root	modules.source.css
895	182695	182850	155	featured_posts	root	modules.source.css
896	182850	183552	702	featured_posts	root	modules.source.css
897	183552	183984	432	featured_posts	root	modules.source.css
898	183984	184135	151	featured_posts	root	modules.source.css
899	184135	184296	161	featured_posts	root	modules.source.css
900	184296	184402	106	featured_posts	root	modules.source.css
901	184402	184652	250	featured_posts	root	modules.source.css
902	184652	184875	223	features	root	modules.source.css
903	184875	184965	90	features	root	modules.source.css
904	184965	185340	375	features	root	modules.source.css
905	185340	185717	377	features	root	modules.source.css
906	185717	185875	158	features	root	modules.source.css
907	185875	185975	100	features	root	modules.source.css
908	185975	186219	244	features	root	modules.source.css
909	186219	186299	80	features	root	modules.source.css
910	186299	186424	125	features	root	modules.source.css
911	186424	186674	250	features	root	modules.source.css
912	186674	186791	117	features	root	modules.source.css
913	186791	186885	94	features	root	modules.source.css
914	186885	186952	67	features	root	modules.source.css
915	186952	187689	737	features	root	modules.source.css
916	187689	187815	126	features	root	modules.source.css
917	187815	187975	160	features	root	modules.source.css
918	187975	188044	69	features	root	modules.source.css
919	188044	188233	189	features	root	modules.source.css
920	188233	188398	165	features	root	modules.source.css
921	188398	188489	91	features	root	modules.source.css
922	188489	188632	143	features	root	modules.source.css
923	188632	188762	130	features	root	modules.source.css
924	188762	188825	63	features	root	modules.source.css
925	188825	188973	148	features	root	modules.source.css
926	188973	189422	449	features	root	modules.source.css
927	189422	189532	110	features	root	modules.source.css
928	189532	189874	342	features	root	modules.source.css
929	189874	190045	171	features	root	modules.source.css
930	190045	190128	83	features	root	modules.source.css
931	190128	190213	85	features	root	modules.source.css
932	190213	190345	132	features	root	modules.source.css
933	190345	190434	89	features	root	modules.source.css
934	190434	191048	614	features_list	root	modules.source.css
935	191048	191423	375	features_list	token	modules.source.css
936	191423	191627	204	features_list	root	modules.source.css
937	191627	191684	57	features_list	token	modules.source.css
938	191684	192273	589	features_list	root	modules.source.css
939	192273	192443	170	features_list	root	modules.source.css
940	192443	192660	217	features_list	root	modules.source.css
941	192660	192831	171	features_list	root	modules.source.css
942	192831	193234	403	features_list	root	modules.source.css
943	193234	193421	187	features_list	root	modules.source.css
944	193421	193487	66	features_list	section-fallback	modules.source.css
945	193487	193555	68	features_list	section-fallback	modules.source.css
946	193555	193718	163	features_list	root	modules.source.css
947	193718	193793	75	features_list	root	modules.source.css
948	193793	193919	126	friendly_links	root	modules.source.css
949	193919	194007	88	friendly_links	root	modules.source.css
950	194007	194101	94	friendly_links	root	modules.source.css
951	194101	194195	94	friendly_links	root	modules.source.css
952	194195	194289	94	friendly_links	root	modules.source.css
953	194289	194973	684	friendly_links	root	modules.source.css
954	194973	195159	186	friendly_links	root	modules.source.css
955	195159	195270	111	friendly_links	root	modules.source.css
956	195270	195557	287	friendly_links	root	modules.source.css
957	195557	195973	416	friendly_links	root	modules.source.css
958	195973	196139	166	friendly_links	root	modules.source.css
959	196139	196294	155	friendly_links	root	modules.source.css
960	196294	196468	174	friendly_links	root	modules.source.css
961	196468	196859	391	friendly_links	root	modules.source.css
962	196859	197250	391	friendly_links	root	modules.source.css
963	197250	197336	86	friendly_links	root	modules.source.css
964	197336	197479	143	friendly_links	root	modules.source.css
965	197479	197610	131	friendly_links	root	modules.source.css
966	197610	197800	190	friendly_links	root	modules.source.css
967	197800	197972	172	gallery	root	modules.source.css
968	197972	198099	127	gallery	root	modules.source.css
969	198099	198166	67	gallery	token	modules.source.css
970	198166	198244	78	gallery	root	modules.source.css
971	198244	198295	51	gallery	token	modules.source.css
972	198295	198711	416	gallery	root	modules.source.css
973	198711	198922	211	gallery	root	modules.source.css
974	198922	199085	163	gallery	token	modules.source.css
975	199085	199150	65	gallery	token	modules.source.css
976	199150	199200	50	gallery	token	modules.source.css
977	199200	199324	124	gallery	token	modules.source.css
978	199324	199717	393	gallery	token	modules.source.css
979	199717	199778	61	gallery	token	modules.source.css
980	199778	200023	245	gallery	token	modules.source.css
981	200023	200241	218	gallery	token	modules.source.css
982	200241	200354	113	gallery	token	modules.source.css
983	200354	200625	271	gallery	token	modules.source.css
984	200625	200693	68	gallery	token	modules.source.css
985	200693	200975	282	gallery	token	modules.source.css
986	200975	201059	84	gallery	token	modules.source.css
987	201059	201511	452	gallery	token	modules.source.css
988	201511	201598	87	gallery	token	modules.source.css
989	201598	201719	121	gallery	token	modules.source.css
990	201719	202080	361	gallery	token	modules.source.css
991	202080	202176	96	gallery	token	modules.source.css
992	202176	202281	105	gallery	root	modules.source.css
993	202281	202367	86	gallery	root	modules.source.css
994	202367	202452	85	gallery	root	modules.source.css
995	202452	202755	303	gallery	root	modules.source.css
996	202755	203059	304	gallery	token	modules.source.css
997	203059	203448	389	gallery	token	modules.source.css
998	203448	203647	199	gallery	token	modules.source.css
999	203647	203847	200	gallery	token	modules.source.css
1000	203847	203934	87	gallery	token	modules.source.css
1001	203934	204005	71	gallery	token	modules.source.css
1002	204005	204083	78	gallery	token	modules.source.css
1003	204083	204292	209	gallery	token	modules.source.css
1004	204292	204708	416	gallery	token	modules.source.css
1005	204708	204813	105	gallery	token	modules.source.css
1006	204813	204849	36	gallery	token	modules.source.css
1007	204849	204886	37	gallery	token	modules.source.css
1008	204886	205228	342	gallery	token	modules.source.css
1009	205228	205368	140	gallery	token	modules.source.css
1010	205368	205583	215	gallery	token	modules.source.css
1011	205583	205706	123	gallery	token	modules.source.css
1012	205706	205930	224	hotel-amenities	root	modules.source.css
1013	205930	206030	100	hotel-amenities	root	modules.source.css
1014	206030	206139	109	hotel-amenities	root	modules.source.css
1015	206139	206248	109	hotel-amenities	root	modules.source.css
1016	206248	206357	109	hotel-amenities	root	modules.source.css
1017	206357	206466	109	hotel-amenities	root	modules.source.css
1018	206466	206889	423	hotel-amenities	root	modules.source.css
1019	206889	206999	110	hotel-amenities	root	modules.source.css
1020	206999	207082	83	hotel-amenities	root	modules.source.css
1021	207082	207296	214	hotel-amenities	root	modules.source.css
1022	207296	207497	201	hotel-amenities	root	modules.source.css
1023	207497	207932	435	hotel-amenities	root	modules.source.css
1024	207932	208022	90	hotel-amenities	root	modules.source.css
1025	208022	208124	102	hotel-amenities	root	modules.source.css
1026	208124	208226	102	hotel-amenities	root	modules.source.css
1027	208226	208380	154	hotel-amenities	root	modules.source.css
1028	208380	208509	129	image_comparison	root	modules.source.css
1029	208509	208895	386	image_comparison	root	modules.source.css
1030	208895	209067	172	image_comparison	root	modules.source.css
1031	209067	209367	300	image_comparison	root	modules.source.css
1032	209367	209866	499	image_comparison	root	modules.source.css
1033	209866	210088	222	image_comparison	root	modules.source.css
1034	210088	210317	229	image_comparison	root	modules.source.css
1035	210317	210545	228	image_comparison	root	modules.source.css
1036	210545	211280	735	image_comparison	root	modules.source.css
1037	211280	211354	74	image_comparison	root	modules.source.css
1038	211354	211428	74	image_comparison	root	modules.source.css
1039	211428	211718	290	image_comparison	root	modules.source.css
1040	211718	212054	336	image_comparison	root	modules.source.css
1041	212054	212245	191	image_comparison	root	modules.source.css
1042	212245	212434	189	image_text	root	modules.source.css
1043	212434	212518	84	image_text	root	modules.source.css
1044	212518	212604	86	image_text	root	modules.source.css
1045	212604	212668	64	image_text	root	modules.source.css
1046	212668	212926	258	image_text	root	modules.source.css
1047	212926	213009	83	image_text	root	modules.source.css
1048	213009	213397	388	image_text	root	modules.source.css
1049	213397	213663	266	image_text	root	modules.source.css
1050	213663	214025	362	image_text	root	modules.source.css
1051	214025	214216	191	image_text	root	modules.source.css
1052	214216	214322	106	image_text	root	modules.source.css
1053	214322	214917	595	image_text	root	modules.source.css
1054	214917	215311	394	image_text	root	modules.source.css
1055	215311	215425	114	image_text	root	modules.source.css
1056	215425	215509	84	image_text	root	modules.source.css
1057	215509	215595	86	image_text	root	modules.source.css
1058	215595	215891	296	image_text	root	modules.source.css
1059	215891	216654	763	image_text	root	modules.source.css
1060	216654	216847	193	itinerary	root	modules.source.css
1061	216847	216953	106	itinerary	root	modules.source.css
1062	216953	217256	303	itinerary	root	modules.source.css
1063	217256	217378	122	itinerary	root	modules.source.css
1064	217378	217457	79	itinerary	root	modules.source.css
1065	217457	217862	405	itinerary	root	modules.source.css
1066	217862	218040	178	itinerary	root	modules.source.css
1067	218040	218560	520	itinerary	root	modules.source.css
1068	218560	218759	199	itinerary	root	modules.source.css
1069	218759	218933	174	itinerary	root	modules.source.css
1070	218933	219475	542	itinerary	root	modules.source.css
1071	219475	219652	177	itinerary	root	modules.source.css
1072	219652	219830	178	itinerary	root	modules.source.css
1073	219830	219937	107	itinerary	root	modules.source.css
1074	219937	220116	179	itinerary	root	modules.source.css
1075	220116	220271	155	itinerary	root	modules.source.css
1076	220271	220543	272	itinerary	root	modules.source.css
1077	220543	220611	68	itinerary	root	modules.source.css
1078	220611	220767	156	itinerary	root	modules.source.css
1079	220767	220875	108	itinerary	root	modules.source.css
1080	220875	221133	258	itinerary	root	modules.source.css
1081	221133	221242	109	itinerary	root	modules.source.css
1082	221242	221359	117	itinerary	root	modules.source.css
1083	221359	221696	337	itinerary	root	modules.source.css
1084	221696	221930	234	itinerary	root	modules.source.css
1085	221930	222122	192	itinerary	root	modules.source.css
1086	222122	222241	119	itinerary	root	modules.source.css
1087	222241	222322	81	itinerary	root	modules.source.css
1088	222322	222443	121	itinerary	root	modules.source.css
1089	222443	222574	131	itinerary	root	modules.source.css
1090	222574	222687	113	itinerary	root	modules.source.css
1091	222687	222886	199	itinerary	root	modules.source.css
1092	222886	223026	140	itinerary	root	modules.source.css
1093	223026	223182	156	itinerary	root	modules.source.css
1094	223182	223261	79	itinerary	root	modules.source.css
1095	223261	223351	90	itinerary	root	modules.source.css
1096	223351	223583	232	itinerary	root	modules.source.css
1097	223583	223692	109	itinerary	root	modules.source.css
1098	223692	223820	128	itinerary	root	modules.source.css
1099	223820	224026	206	itinerary	root	modules.source.css
1100	224026	224408	382	itinerary	root	modules.source.css
1101	224408	224554	146	itinerary	root	modules.source.css
1102	224554	224654	100	itinerary	root	modules.source.css
1103	224654	224784	130	itinerary	root	modules.source.css
1104	224784	225688	904	itinerary	token	modules.source.css
1105	225688	225816	128	knowledge_cards	root	modules.source.css
1106	225816	225905	89	knowledge_cards	root	modules.source.css
1107	225905	225978	73	knowledge_cards	root	modules.source.css
1108	225978	226073	95	knowledge_cards	root	modules.source.css
1109	226073	226168	95	knowledge_cards	root	modules.source.css
1110	226168	226706	538	knowledge_cards	root	modules.source.css
1111	226706	226838	132	knowledge_cards	root	modules.source.css
1112	226838	226995	157	knowledge_cards	root	modules.source.css
1113	226995	227342	347	knowledge_cards	root	modules.source.css
1114	227342	227500	158	knowledge_cards	root	modules.source.css
1115	227500	227829	329	knowledge_cards	root	modules.source.css
1116	227829	227963	134	knowledge_cards	root	modules.source.css
1117	227963	228103	140	knowledge_cards	root	modules.source.css
1118	228103	228240	137	knowledge_cards	root	modules.source.css
1119	228240	228397	157	knowledge_cards	root	modules.source.css
1120	228397	228673	276	knowledge_cards	root	modules.source.css
1121	228673	228751	78	knowledge_cards	root	modules.source.css
1122	228751	228836	85	knowledge_cards	root	modules.source.css
1123	228836	229080	244	knowledge_cards	root	modules.source.css
1124	229080	229157	77	knowledge_cards	root	modules.source.css
1125	229157	229320	163	knowledge_cards	root	modules.source.css
1126	229320	229452	132	knowledge_cards	root	modules.source.css
1127	229452	229603	151	knowledge_cards	root	modules.source.css
1128	229603	229727	124	lookbook	root	modules.source.css
1129	229727	229811	84	lookbook	root	modules.source.css
1130	229811	229890	79	lookbook	root	modules.source.css
1131	229890	229969	79	lookbook	root	modules.source.css
1132	229969	230503	534	lookbook	root	modules.source.css
1133	230503	230686	183	lookbook	root	modules.source.css
1134	230686	230856	170	lookbook	root	modules.source.css
1135	230856	230996	140	lookbook	root	modules.source.css
1136	230996	231186	190	lookbook	root	modules.source.css
1137	231186	231317	131	lookbook	root	modules.source.css
1138	231317	231664	347	lookbook	token	modules.source.css
1139	231664	231725	61	lookbook	token	modules.source.css
1140	231725	232093	368	lookbook	token	modules.source.css
1141	232093	232276	183	lookbook	token	modules.source.css
1142	232276	232548	272	lookbook	token	modules.source.css
1143	232548	232699	151	lookbook	token	modules.source.css
1144	232699	232812	113	lookbook	token	modules.source.css
1145	232812	232906	94	lookbook	token	modules.source.css
1146	232906	233309	403	lookbook	section-fallback	modules.source.css
1147	233309	233429	120	lookbook	section-fallback	modules.source.css
1148	233429	233606	177	lookbook	section-fallback	modules.source.css
1149	233606	233855	249	lookbook	section-fallback	modules.source.css
1150	233855	233957	102	lookbook	section-fallback	modules.source.css
1151	233957	234076	119	lookbook	section-fallback	modules.source.css
1152	234076	234207	131	lookbook	section-fallback	modules.source.css
1153	234207	234775	568	lookbook	section-fallback	modules.source.css
1154	234775	234993	218	lookbook	section-fallback	modules.source.css
1155	234993	235111	118	lookbook	section-fallback	modules.source.css
1156	235111	235463	352	lookbook	section-fallback	modules.source.css
1157	235463	235641	178	lookbook	section-fallback	modules.source.css
1158	235641	235855	214	lookbook	token	modules.source.css
1159	235855	235896	41	lookbook	token	modules.source.css
1160	235896	236035	139	lookbook	token	modules.source.css
1161	236035	236148	113	lookbook	token	modules.source.css
1162	236148	236637	489	lookbook	section-fallback	modules.source.css
1163	236637	236840	203	lookbook	section-fallback	modules.source.css
1164	236840	237206	366	lookbook	root	modules.source.css
1165	237206	237291	85	lookbook	root	modules.source.css
1166	237291	237532	241	lookbook	token	modules.source.css
1167	237532	237657	125	lookbook	token	modules.source.css
1168	237657	237754	97	lookbook	token	modules.source.css
1169	237754	237966	212	lookbook	section-fallback	modules.source.css
1170	237966	238183	217	lookbook	section-fallback	modules.source.css
1171	238183	238287	104	lookbook	section-fallback	modules.source.css
1172	238287	238612	325	lookbook	root	modules.source.css
1173	238612	238730	118	media_list	root	modules.source.css
1174	238730	238814	84	media_list	root	modules.source.css
1175	238814	238904	90	media_list	root	modules.source.css
1176	238904	238994	90	media_list	root	modules.source.css
1177	238994	239084	90	media_list	root	modules.source.css
1178	239084	239664	580	media_list	root	modules.source.css
1179	239664	239822	158	media_list	root	modules.source.css
1180	239822	239966	144	media_list	root	modules.source.css
1181	239966	240073	107	media_list	root	modules.source.css
1182	240073	240329	256	media_list	root	modules.source.css
1183	240329	240500	171	media_list	root	modules.source.css
1184	240500	240644	144	media_list	root	modules.source.css
1185	240644	240858	214	media_list	root	modules.source.css
1186	240858	240977	119	media_list	root	modules.source.css
1187	240977	241106	129	media_list	root	modules.source.css
1188	241106	241241	135	media_list	root	modules.source.css
1189	241241	241375	134	media_list	root	modules.source.css
1190	241375	241510	135	media_list	root	modules.source.css
1191	241510	241719	209	media_list	root	modules.source.css
1192	241719	241867	148	media_list	root	modules.source.css
1193	241867	242084	217	media_list	root	modules.source.css
1194	242084	242265	181	media_list	root	modules.source.css
1195	242265	242504	239	media_list	root	modules.source.css
1196	242504	242576	72	media_list	root	modules.source.css
1197	242576	242877	301	media_list	root	modules.source.css
1198	242877	243004	127	media_list	root	modules.source.css
1199	243004	243182	178	media_list	root	modules.source.css
1200	243182	243391	209	menu	root	modules.source.css
1201	243391	243466	75	menu	root	modules.source.css
1202	243466	243574	108	menu	root	modules.source.css
1203	243574	244243	669	menu	root	modules.source.css
1204	244243	244389	146	menu	root	modules.source.css
1205	244389	244553	164	menu	root	modules.source.css
1206	244553	245211	658	menu	root	modules.source.css
1207	245211	245355	144	menu	root	modules.source.css
1208	245355	245703	348	menu	root	modules.source.css
1209	245703	245794	91	menu	root	modules.source.css
1210	245794	245860	66	menu	root	modules.source.css
1211	245860	245980	120	menu	root	modules.source.css
1212	245980	246206	226	menu	root	modules.source.css
1213	246206	246572	366	menu	root	modules.source.css
1214	246572	246746	174	menu	root	modules.source.css
1215	246746	246906	160	menu	root	modules.source.css
1216	246906	246998	92	menu	root	modules.source.css
1217	246998	247155	157	menu	root	modules.source.css
1218	247155	247287	132	menu	root	modules.source.css
1219	247287	247759	472	menu	root	modules.source.css
1220	247759	247841	82	menu	root	modules.source.css
1221	247841	247926	85	menu	root	modules.source.css
1222	247926	248212	286	menu	root	modules.source.css
1223	248212	248350	138	micro_journal_stream	root	modules.source.css
1224	248350	248517	167	micro_journal_stream	root	modules.source.css
1225	248517	248831	314	micro_journal_stream	root	modules.source.css
1226	248831	248941	110	micro_journal_stream	root	modules.source.css
1227	248941	249189	248	micro_journal_stream	root	modules.source.css
1228	249189	249734	545	micro_journal_stream	root	modules.source.css
1229	249734	249872	138	micro_journal_stream	root	modules.source.css
1230	249872	250069	197	micro_journal_stream	root	modules.source.css
1231	250069	250427	358	micro_journal_stream	root	modules.source.css
1232	250427	250707	280	micro_journal_stream	root	modules.source.css
1233	250707	250851	144	micro_journal_stream	root	modules.source.css
1234	250851	251016	165	micro_journal_stream	root	modules.source.css
1235	251016	251295	279	micro_journal_stream	root	modules.source.css
1236	251295	251522	227	micro_journal_stream	root	modules.source.css
1237	251522	251605	83	micro_journal_stream	root	modules.source.css
1238	251605	251683	78	micro_journal_stream	root	modules.source.css
1239	251683	251852	169	micro_journal_stream	root	modules.source.css
1240	251852	251974	122	multi_image_text	root	modules.source.css
1241	251974	252061	87	multi_image_text	root	modules.source.css
1242	252061	252186	125	multi_image_text	token	modules.source.css
1243	252186	252237	51	multi_image_text	token	modules.source.css
1244	252237	252348	111	multi_image_text	token	modules.source.css
1245	252348	252652	304	multi_image_text	token	modules.source.css
1246	252652	252787	135	multi_image_text	token	modules.source.css
1247	252787	252860	73	multi_image_text	token	modules.source.css
1248	252860	252965	105	multi_image_text	token	modules.source.css
1249	252965	253075	110	multi_image_text	token	modules.source.css
1250	253075	253141	66	multi_image_text	token	modules.source.css
1251	253141	253749	608	multi_image_text	token	modules.source.css
1252	253749	253903	154	multi_image_text	token	modules.source.css
1253	253903	254251	348	multi_image_text	token	modules.source.css
1254	254251	254614	363	multi_image_text	token	modules.source.css
1255	254614	254698	84	multi_image_text	token	modules.source.css
1256	254698	254727	29	multi_image_text	token	modules.source.css
1257	254727	254896	169	multi_image_text	token	modules.source.css
1258	254896	254957	61	multi_image_text	token	modules.source.css
1259	254957	255082	125	multi_image_text	token	modules.source.css
1260	255082	255337	255	multi_image_text	token	modules.source.css
1261	255337	255481	144	multi_image_text	token	modules.source.css
1262	255481	255704	223	multi_image_text	root	modules.source.css
1263	255704	255847	143	multi_image_text	root	modules.source.css
1264	255847	256002	155	multi_image_text	root	modules.source.css
1265	256002	256386	384	multi_image_text	token	modules.source.css
1266	256386	256742	356	multi_image_text	token	modules.source.css
1267	256742	257061	319	multi_image_text	token	modules.source.css
1268	257061	257134	73	multi_image_text	token	modules.source.css
1269	257134	257209	75	multi_image_text	token	modules.source.css
1270	257209	257284	75	multi_image_text	token	modules.source.css
1271	257284	257501	217	pet_profile	root	modules.source.css
1272	257501	257583	82	pet_profile	root	modules.source.css
1273	257583	257709	126	pet_profile	root	modules.source.css
1274	257709	257804	95	pet_profile	root	modules.source.css
1275	257804	257899	95	pet_profile	root	modules.source.css
1276	257899	258533	634	pet_profile	root	modules.source.css
1277	258533	258722	189	pet_profile	root	modules.source.css
1278	258722	259084	362	pet_profile	root	modules.source.css
1279	259084	259261	177	pet_profile	root	modules.source.css
1280	259261	259357	96	pet_profile	root	modules.source.css
1281	259357	259597	240	pet_profile	root	modules.source.css
1282	259597	259724	127	pet_profile	root	modules.source.css
1283	259724	260181	457	pet_profile	root	modules.source.css
1284	260181	260298	117	pet_profile	root	modules.source.css
1285	260298	260415	117	pet_profile	root	modules.source.css
1286	260415	260535	120	pet_profile	root	modules.source.css
1287	260535	260695	160	pet_profile	root	modules.source.css
1288	260695	260853	158	pet_profile	root	modules.source.css
1289	260853	261071	218	pet_profile	root	modules.source.css
1290	261071	261317	246	pet_profile	root	modules.source.css
1291	261317	261399	82	pet_profile	root	modules.source.css
1292	261399	261485	86	pet_profile	root	modules.source.css
1293	261485	261639	154	pet_profile	root	modules.source.css
1294	261639	261847	208	pet_profile	root	modules.source.css
1295	261847	261970	123	pet_profile	root	modules.source.css
1296	261970	262090	120	pet_profile	root	modules.source.css
1297	262090	262248	158	pet_profile	root	modules.source.css
1298	262248	262583	335	pet_profile	root	modules.source.css
1299	262583	262715	132	pet_profile	root	modules.source.css
1300	262715	262821	106	pet_profile	root	modules.source.css
1301	262821	263231	410	pet_profile	root	modules.source.css
1302	263231	263429	198	pet_profile	root	modules.source.css
1303	263429	263685	256	pet_profile	root	modules.source.css
1304	263685	263973	288	pet_profile	root	modules.source.css
1305	263973	264047	74	pet_profile	section-fallback	modules.source.css
1306	264047	264129	82	pet_profile	section-fallback	modules.source.css
1307	264129	264194	65	pet_profile	section-fallback	modules.source.css
1308	264194	264550	356	pet_profile	section-fallback	modules.source.css
1309	264550	264662	112	pet_profile	section-fallback	modules.source.css
1310	264662	264774	112	pet_profile	section-fallback	modules.source.css
1311	264774	264844	70	pet_profile	section-fallback	modules.source.css
1312	264844	264921	77	pet_profile	section-fallback	modules.source.css
1313	264921	265062	141	pet_profile	section-fallback	modules.source.css
1314	265062	265134	72	pet_profile	section-fallback	modules.source.css
1315	265134	265241	107	pet_profile	section-fallback	modules.source.css
1316	265241	265398	157	pet_profile	section-fallback	modules.source.css
1317	265398	265503	105	pet_profile	section-fallback	modules.source.css
1318	265503	265566	63	pet_profile	section-fallback	modules.source.css
1319	265566	265629	63	pet_profile	section-fallback	modules.source.css
1320	265629	265783	154	pet_profile	section-fallback	modules.source.css
1321	265783	266588	805	hotel-amenities	root	modules.source.css
1322	266588	266811	223	hotel-amenities	root	modules.source.css
1323	266811	267009	198	hotel-amenities	root	modules.source.css
1324	267009	267276	267	hotel-amenities	root	modules.source.css
1325	267276	267543	267	hotel-amenities	root	modules.source.css
1326	267543	267805	262	hotel-amenities	root	modules.source.css
1327	267805	267993	188	hotel-amenities	root	modules.source.css
1328	267993	268068	75	hotel-amenities	root	modules.source.css
1329	268068	268503	435	hotel-amenities	root	modules.source.css
1330	268503	268648	145	hotel-amenities	root	modules.source.css
1331	268648	268804	156	hotel-amenities	root	modules.source.css
1332	268804	268885	81	pricing	root	modules.source.css
1333	268885	268963	78	pricing	root	modules.source.css
1334	268963	269054	91	pricing	token	modules.source.css
1335	269054	269458	404	pricing	token	modules.source.css
1336	269458	269512	54	pricing	token	modules.source.css
1337	269512	269699	187	pricing	token	modules.source.css
1338	269699	269771	72	pricing	token	modules.source.css
1339	269771	270405	634	pricing	token	modules.source.css
1340	270405	270661	256	pricing	token	modules.source.css
1341	270661	270735	74	pricing	token	modules.source.css
1342	270735	270858	123	pricing	token	modules.source.css
1343	270858	271066	208	pricing	token	modules.source.css
1344	271066	271152	86	pricing	token	modules.source.css
1345	271152	271410	258	pricing	token	modules.source.css
1346	271410	271664	254	pricing	token	modules.source.css
1347	271664	272020	356	pricing	token	modules.source.css
1348	272020	272172	152	pricing	token	modules.source.css
1349	272172	272327	155	pricing	token	modules.source.css
1350	272327	272392	65	pricing	token	modules.source.css
1351	272392	272489	97	pricing	token	modules.source.css
1352	272489	272621	132	pricing	token	modules.source.css
1353	272621	272752	131	pricing	token	modules.source.css
1354	272752	273031	279	pricing	token	modules.source.css
1355	273031	273091	60	pricing	token	modules.source.css
1356	273091	273152	61	pricing	token	modules.source.css
1357	273152	273622	470	pricing	token	modules.source.css
1358	273622	273742	120	pricing	token	modules.source.css
1359	273742	274014	272	pricing	token	modules.source.css
1360	274014	275064	1050	pricing	token	modules.source.css
1361	275064	275165	101	pricing	root	modules.source.css
1362	275165	275382	217	pricing	root	modules.source.css
1363	275382	275577	195	pricing	root	modules.source.css
1364	275577	275723	146	pricing	root	modules.source.css
1365	275723	276082	359	pricing	root	modules.source.css
1366	276082	276326	244	pricing	root	modules.source.css
1367	276326	276402	76	pricing	token	modules.source.css
1368	276402	276481	79	pricing	token	modules.source.css
1369	276481	276562	81	pricing	token	modules.source.css
1370	276562	276744	182	pricing	token	modules.source.css
1371	276744	277013	269	pricing	token	modules.source.css
1372	277013	277109	96	pricing	token	modules.source.css
1373	277109	277262	153	process	root	modules.source.css
1374	277262	277340	78	process	root	modules.source.css
1375	277340	277499	159	process	root	modules.source.css
1376	277499	277672	173	process	token	modules.source.css
1377	277672	278486	814	process	token	modules.source.css
1378	278486	278630	144	process	token	modules.source.css
1379	278630	279113	483	process	token	modules.source.css
1380	279113	279246	133	process	token	modules.source.css
1381	279246	279492	246	process	token	modules.source.css
1382	279492	279715	223	process	token	modules.source.css
1383	279715	280008	293	process	token	modules.source.css
1384	280008	280259	251	process	token	modules.source.css
1385	280259	280707	448	process	token	modules.source.css
1386	280707	280857	150	process	token	modules.source.css
1387	280857	281216	359	process	token	modules.source.css
1388	281216	281415	199	process	root	modules.source.css
1389	281415	281809	394	process	root	modules.source.css
1390	281809	282089	280	process	root	modules.source.css
1391	282089	282224	135	process	root	modules.source.css
1392	282224	282393	169	process	root	modules.source.css
1393	282393	282470	77	process	root	modules.source.css
1394	282470	282570	100	process	root	modules.source.css
1395	282570	282718	148	process	root	modules.source.css
1396	282718	283075	357	process	root	modules.source.css
1397	283075	283179	104	process	root	modules.source.css
1398	283179	283245	66	process	token	modules.source.css
1399	283245	283313	68	process	token	modules.source.css
1400	283313	283445	132	process	token	modules.source.css
1401	283445	283621	176	process	token	modules.source.css
1402	283621	283875	254	process	root	modules.source.css
1403	283875	284204	329	process	root	modules.source.css
1404	284204	284335	131	process	root	modules.source.css
1405	284335	284423	88	process	root	modules.source.css
1406	284423	284678	255	product_showcase	root	modules.source.css
1407	284678	284790	112	product_showcase	root	modules.source.css
1408	284790	284873	83	product_showcase	root	modules.source.css
1409	284873	284944	71	product_showcase	root	modules.source.css
1410	284944	285053	109	product_showcase	root	modules.source.css
1411	285053	285520	467	product_showcase	root	modules.source.css
1412	285520	285591	71	product_showcase	root	modules.source.css
1413	285591	285676	85	product_showcase	root	modules.source.css
1414	285676	285818	142	product_showcase	root	modules.source.css
1415	285818	285936	118	product_showcase	root	modules.source.css
1416	285936	286076	140	product_showcase	root	modules.source.css
1417	286076	286207	131	product_showcase	root	modules.source.css
1418	286207	286302	95	product_showcase	root	modules.source.css
1419	286302	286670	368	product_showcase	root	modules.source.css
1420	286670	286803	133	product_showcase	root	modules.source.css
1421	286803	286889	86	product_showcase	root	modules.source.css
1422	286889	287051	162	product_showcase	root	modules.source.css
1423	287051	287221	170	product_showcase	root	modules.source.css
1424	287221	287640	419	product_showcase	root	modules.source.css
1425	287640	287933	293	product_showcase	root	modules.source.css
1426	287933	288092	159	product_showcase	root	modules.source.css
1427	288092	288259	167	product_showcase	root	modules.source.css
1428	288259	288441	182	product_showcase	root	modules.source.css
1429	288441	289015	574	product_showcase	root	modules.source.css
1430	289015	289259	244	product_showcase	root	modules.source.css
1431	289259	289451	192	product_showcase	root	modules.source.css
1432	289451	289847	396	product_showcase	root	modules.source.css
1433	289847	290004	157	product_showcase	root	modules.source.css
1434	290004	290133	129	product_showcase	root	modules.source.css
1435	290133	290289	156	product_showcase	root	modules.source.css
1436	290289	290375	86	product_showcase	root	modules.source.css
1437	290375	290855	480	product_showcase	root	modules.source.css
1438	290855	291150	295	product_showcase	root	modules.source.css
1439	291150	291694	544	product_showcase	root	modules.source.css
1440	291694	291930	236	product_showcase	root	modules.source.css
1441	291930	292007	77	product_showcase	root	modules.source.css
1442	292007	292104	97	product_showcase	root	modules.source.css
1443	292104	292254	150	product_showcase	root	modules.source.css
1444	292254	292462	208	product_showcase	root	modules.source.css
1445	292462	292633	171	product_showcase	root	modules.source.css
1446	292633	293063	430	product_showcase	root	modules.source.css
1447	293063	293269	206	product_showcase	root	modules.source.css
1448	293269	293703	434	product_showcase	root	modules.source.css
1449	293703	294151	448	product_showcase	root	modules.source.css
1450	294151	294499	348	product_showcase	root	modules.source.css
1451	294499	294655	156	products	token	modules.source.css
1452	294655	295132	477	products	token	modules.source.css
1453	295132	295292	160	products	token	modules.source.css
1454	295292	295472	180	products	token	modules.source.css
1455	295472	295645	173	products	token	modules.source.css
1456	295645	295698	53	products	token	modules.source.css
1457	295698	296039	341	products	token	modules.source.css
1458	296039	296085	46	products	token	modules.source.css
1459	296085	296582	497	products	token	modules.source.css
1460	296582	296638	56	products	token	modules.source.css
1461	296638	296840	202	products	token	modules.source.css
1462	296840	296982	142	products	token	modules.source.css
1463	296982	297117	135	products	token	modules.source.css
1464	297117	297179	62	products	token	modules.source.css
1465	297179	297241	62	products	token	modules.source.css
1466	297241	297303	62	products	token	modules.source.css
1467	297303	297408	105	products	token	modules.source.css
1468	297408	297599	191	products	token	modules.source.css
1469	297599	298047	448	products	token	modules.source.css
1470	298047	298342	295	products	token	modules.source.css
1471	298342	298412	70	products	token	modules.source.css
1472	298412	298743	331	products	token	modules.source.css
1473	298743	299168	425	products	token	modules.source.css
1474	299168	299267	99	products	token	modules.source.css
1475	299267	299350	83	products	token	modules.source.css
1476	299350	299645	295	products	token	modules.source.css
1477	299645	299906	261	products	token	modules.source.css
1478	299906	299976	70	products	token	modules.source.css
1479	299976	300119	143	products	token	modules.source.css
1480	300119	300267	148	products	token	modules.source.css
1481	300267	300505	238	products	token	modules.source.css
1482	300505	300758	253	products	token	modules.source.css
1483	300758	300813	55	products	token	modules.source.css
1484	300813	300929	116	products	token	modules.source.css
1485	300929	300969	40	products	token	modules.source.css
1486	300969	301546	577	products	token	modules.source.css
1487	301546	301977	431	products	token	modules.source.css
1488	301977	302157	180	products	token	modules.source.css
1489	302157	302348	191	products	token	modules.source.css
1490	302348	302591	243	products	token	modules.source.css
1491	302591	302794	203	products	token	modules.source.css
1492	302794	303745	951	products	token	modules.source.css
1493	303745	303953	208	promotion	token	modules.source.css
1494	303953	304107	154	promotion	token	modules.source.css
1495	304107	304189	82	promotion	token	modules.source.css
1496	304189	304346	157	promotion	token	modules.source.css
1497	304346	304524	178	promotion	token	modules.source.css
1498	304524	304668	144	promotion	token	modules.source.css
1499	304668	305062	394	promotion	token	modules.source.css
1500	305062	305205	143	promotion	token	modules.source.css
1501	305205	305314	109	promotion	token	modules.source.css
1502	305314	305436	122	promotion	token	modules.source.css
1503	305436	305870	434	promotion	token	modules.source.css
1504	305870	306029	159	promotion	token	modules.source.css
1505	306029	306193	164	promotion	token	modules.source.css
1506	306193	306350	157	promotion	token	modules.source.css
1507	306350	306710	360	promotion	token	modules.source.css
1508	306710	306813	103	promotion	token	modules.source.css
1509	306813	306897	84	promotion	token	modules.source.css
1510	306897	306981	84	promotion	token	modules.source.css
1511	306981	307065	84	promotion	token	modules.source.css
1512	307065	307563	498	promotion	token	modules.source.css
1513	307563	307751	188	promotion	token	modules.source.css
1514	307751	308132	381	promotion	token	modules.source.css
1515	308132	308244	112	promotion	token	modules.source.css
1516	308244	308377	133	promotion	token	modules.source.css
1517	308377	308470	93	promotion	token	modules.source.css
1518	308470	308616	146	promotion	token	modules.source.css
1519	308616	308749	133	promotion	token	modules.source.css
1520	308749	308944	195	promotion	token	modules.source.css
1521	308944	309222	278	promotion	token	modules.source.css
1522	309222	309389	167	promotion	token	modules.source.css
1523	309389	309526	137	promotion	token	modules.source.css
1524	309526	309684	158	promotion	token	modules.source.css
1525	309684	310267	583	promotion	token	modules.source.css
1526	310267	310693	426	promotion	token	modules.source.css
1527	310693	311011	318	promotion	token	modules.source.css
1528	311011	311176	165	promotion	token	modules.source.css
1529	311176	311316	140	promotion	token	modules.source.css
1530	311316	311442	126	promotion	token	modules.source.css
1531	311442	311549	107	promotion	token	modules.source.css
1532	311549	311674	125	promotion	token	modules.source.css
1533	311674	311762	88	promotion	token	modules.source.css
1534	311762	311890	128	promotion	token	modules.source.css
1535	311890	311998	108	promotion	token	modules.source.css
1536	311998	312201	203	promotion	token	modules.source.css
1537	312201	312345	144	promotion	token	modules.source.css
1538	312345	312716	371	promotion	token	modules.source.css
1539	312716	312807	91	promotion	token	modules.source.css
1540	312807	312898	91	promotion	token	modules.source.css
1541	312898	313016	118	promotion	token	modules.source.css
1542	313016	313110	94	promotion	token	modules.source.css
1543	313110	313211	101	promotion	token	modules.source.css
1544	313211	313506	295	promotion	token	modules.source.css
1545	313506	314386	880	promotion	token	modules.source.css
1546	314386	314806	420	promotion	token	modules.source.css
1547	314806	315145	339	qiling_image_guide	root	modules.source.css
1548	315145	315235	90	qiling_image_guide	token	modules.source.css
1549	315235	315295	60	qiling_image_guide	token	modules.source.css
1550	315295	315355	60	qiling_image_guide	token	modules.source.css
1551	315355	315415	60	qiling_image_guide	token	modules.source.css
1552	315415	315475	60	qiling_image_guide	token	modules.source.css
1553	315475	315535	60	qiling_image_guide	token	modules.source.css
1554	315535	315784	249	qiling_image_guide	token	modules.source.css
1555	315784	315871	87	qiling_image_guide	token	modules.source.css
1556	315871	316016	145	qiling_image_guide	token	modules.source.css
1557	316016	316092	76	qiling_image_guide	token	modules.source.css
1558	316092	316200	108	qiling_image_guide	token	modules.source.css
1559	316200	316346	146	qiling_image_guide	token	modules.source.css
1560	316346	316447	101	qiling_image_guide	token	modules.source.css
1561	316447	316708	261	qiling_image_guide	token	modules.source.css
1562	316708	317006	298	qiling_image_guide	token	modules.source.css
1563	317006	317213	207	qiling_image_guide	token	modules.source.css
1564	317213	317313	100	qiling_image_guide	token	modules.source.css
1565	317313	317471	158	qiling_image_guide	token	modules.source.css
1566	317471	317602	131	qiling_image_guide	token	modules.source.css
1567	317602	318073	471	qiling_image_guide	token	modules.source.css
1568	318073	318443	370	qiling_main_category_content	token	modules.source.css
1569	318443	318590	147	qiling_main_category_content	token	modules.source.css
1570	318590	318676	86	qiling_main_category_content	token	modules.source.css
1571	318676	318799	123	qiling_main_category_content	token	modules.source.css
1572	318799	318860	61	qiling_main_category_content	token	modules.source.css
1573	318860	319203	343	qiling_main_category_content	token	modules.source.css
1574	319203	319257	54	qiling_main_category_content	token	modules.source.css
1575	319257	319424	167	qiling_main_category_content	token	modules.source.css
1576	319424	319544	120	qiling_main_category_content	token	modules.source.css
1577	319544	319638	94	qiling_main_category_content	token	modules.source.css
1578	319638	319720	82	qiling_main_category_content	token	modules.source.css
1579	319720	319826	106	qiling_main_category_content	token	modules.source.css
1580	319826	320125	299	qiling_main_category_content	token	modules.source.css
1581	320125	320244	119	qiling_main_category_content	token	modules.source.css
1582	320244	320364	120	qiling_main_category_content	token	modules.source.css
1583	320364	320505	141	qiling_main_category_content	token	modules.source.css
1584	320505	320594	89	qiling_main_category_content	token	modules.source.css
1585	320594	320662	68	qiling_main_category_content	token	modules.source.css
1586	320662	320730	68	qiling_main_category_content	token	modules.source.css
1587	320730	320798	68	qiling_main_category_content	token	modules.source.css
1588	320798	320953	155	qiling_main_category_content	token	modules.source.css
1589	320953	321932	979	qiling_main_category_content	token	modules.source.css
1590	321932	322147	215	qiling_main_category_content	token	modules.source.css
1591	322147	322210	63	qiling_main_category_content	token	modules.source.css
1592	322210	322355	145	qiling_main_category_content	token	modules.source.css
1593	322355	322466	111	qiling_main_category_content	token	modules.source.css
1594	322466	322547	81	qiling_main_category_content	token	modules.source.css
1595	322547	322632	85	qiling_main_category_content	token	modules.source.css
1596	322632	322714	82	qiling_main_category_content	token	modules.source.css
1597	322714	322796	82	qiling_main_category_content	token	modules.source.css
1598	322796	322955	159	qiling_main_category_content	token	modules.source.css
1599	322955	323026	71	qiling_main_category_content	token	modules.source.css
1600	323026	323525	499	qiling_main_category_content	token	modules.source.css
1601	323525	323620	95	qiling_main_category_content	token	modules.source.css
1602	323620	323739	119	qiling_main_category_content	token	modules.source.css
1603	323739	323916	177	qiling_main_category_content	token	modules.source.css
1604	323916	324176	260	qiling_main_category_content	token	modules.source.css
1605	324176	324522	346	qiling_main_category_content	token	modules.source.css
1606	324522	325155	633	qiling_main_category_content	token	modules.source.css
1607	325155	325350	195	qiling_main_category_content	token	modules.source.css
1608	325350	325421	71	qiling_main_category_content	token	modules.source.css
1609	325421	325605	184	qiling_main_category_content	token	modules.source.css
1610	325605	325753	148	qiling_main_category_content	token	modules.source.css
1611	325753	325827	74	qiling_main_category_content	token	modules.source.css
1612	325827	326004	177	qiling_shop_showcase	root	modules.source.css
1613	326004	326179	175	qiling_shop_showcase	root	modules.source.css
1614	326179	326296	117	qiling_shop_showcase	root	modules.source.css
1615	326296	326437	141	qiling_shop_showcase	root	modules.source.css
1616	326437	326607	170	qiling_shop_showcase	root	modules.source.css
1617	326607	327017	410	qiling_shop_showcase	root	modules.source.css
1618	327017	327232	215	qiling_shop_showcase	root	modules.source.css
1619	327232	327434	202	qiling_shop_showcase	root	modules.source.css
1620	327434	327606	172	qiling_shop_showcase	root	modules.source.css
1621	327606	327711	105	qiling_shop_showcase	root	modules.source.css
1622	327711	327941	230	qiling_shop_showcase	root	modules.source.css
1623	327941	328073	132	qiling_shop_showcase	root	modules.source.css
1624	328073	328163	90	qiling_shop_showcase	root	modules.source.css
1625	328163	328466	303	qiling_shop_showcase	root	modules.source.css
1626	328466	328690	224	qiling_shop_showcase	root	modules.source.css
1627	328690	328866	176	qiling_shop_showcase	root	modules.source.css
1628	328866	329015	149	qiling_shop_showcase	root	modules.source.css
1629	329015	329281	266	qiling_shop_showcase	root	modules.source.css
1630	329281	329424	143	qiling_shop_showcase	root	modules.source.css
1631	329424	329881	457	qiling_shop_showcase	root	modules.source.css
1632	329881	329938	57	qiling_shop_showcase	root	modules.source.css
1633	329938	329996	58	qiling_shop_showcase	root	modules.source.css
1634	329996	330166	170	qiling_shop_showcase	root	modules.source.css
1635	330166	330416	250	qiling_shop_showcase	root	modules.source.css
1636	330416	330583	167	qiling_shop_showcase	root	modules.source.css
1637	330583	330805	222	qiling_shop_showcase	root	modules.source.css
1638	330805	330960	155	qiling_shop_showcase	root	modules.source.css
1639	330960	331290	330	qiling_shop_showcase	root	modules.source.css
1640	331290	331424	134	qiling_shop_showcase	root	modules.source.css
1641	331424	331518	94	qiling_shop_showcase	root	modules.source.css
1642	331518	331615	97	qiling_shop_showcase	root	modules.source.css
1643	331615	331763	148	qiling_shop_showcase	root	modules.source.css
1644	331763	331865	102	qiling_shop_showcase	root	modules.source.css
1645	331865	331958	93	qiling_shop_showcase	root	modules.source.css
1646	331958	332050	92	qiling_shop_showcase	root	modules.source.css
1647	332050	332187	137	qiling_shop_showcase	root	modules.source.css
1648	332187	332351	164	qiling_shop_showcase	root	modules.source.css
1649	332351	332647	296	qiling_universal_recommend	root	modules.source.css
1650	332647	332742	95	qiling_universal_recommend	root	modules.source.css
1651	332742	332926	184	qiling_universal_recommend	root	modules.source.css
1652	332926	333116	190	qiling_universal_recommend	root	modules.source.css
1653	333116	333338	222	qiling_universal_recommend	root	modules.source.css
1654	333338	333910	572	qiling_universal_recommend	root	modules.source.css
1655	333910	334146	236	qiling_universal_recommend	root	modules.source.css
1656	334146	334343	197	qiling_universal_recommend	root	modules.source.css
1657	334343	334522	179	qiling_universal_recommend	root	modules.source.css
1658	334522	334723	201	qiling_universal_recommend	root	modules.source.css
1659	334723	334898	175	qiling_universal_recommend	root	modules.source.css
1660	334898	335026	128	qiling_universal_recommend	root	modules.source.css
1661	335026	335138	112	qiling_universal_recommend	root	modules.source.css
1662	335138	335250	112	qiling_universal_recommend	root	modules.source.css
1663	335250	335362	112	qiling_universal_recommend	root	modules.source.css
1664	335362	335516	154	qiling_universal_recommend	root	modules.source.css
1665	335516	336017	501	qiling_universal_recommend	root	modules.source.css
1666	336017	336247	230	qiling_universal_recommend	root	modules.source.css
1667	336247	336370	123	qiling_universal_recommend	root	modules.source.css
1668	336370	336469	99	qiling_universal_recommend	root	modules.source.css
1669	336469	336637	168	qiling_universal_recommend	root	modules.source.css
1670	336637	336773	136	qiling_universal_recommend	root	modules.source.css
1671	336773	336900	127	qiling_universal_recommend	root	modules.source.css
1672	336900	337110	210	qiling_universal_recommend	root	modules.source.css
1673	337110	337777	667	qiling_universal_recommend	root	modules.source.css
1674	337777	337957	180	qiling_universal_recommend	root	modules.source.css
1675	337957	338132	175	qiling_universal_recommend	root	modules.source.css
1676	338132	338283	151	qiling_universal_recommend	root	modules.source.css
1677	338283	338415	132	qiling_universal_recommend	root	modules.source.css
1678	338415	338559	144	qiling_universal_recommend	root	modules.source.css
1679	338559	338697	138	qiling_universal_recommend	root	modules.source.css
1680	338697	338885	188	qiling_universal_recommend	root	modules.source.css
1681	338885	338997	112	qiling_universal_recommend	root	modules.source.css
1682	338997	339188	191	qiling_universal_recommend	root	modules.source.css
1683	339188	339333	145	qiling_universal_recommend	root	modules.source.css
1684	339333	339497	164	qiling_universal_recommend	root	modules.source.css
1685	339497	340003	506	qiling_universal_recommend	root	modules.source.css
1686	340003	340238	235	qiling_universal_recommend	root	modules.source.css
1687	340238	340600	362	qiling_universal_recommend	root	modules.source.css
1688	340600	340739	139	qiling_universal_recommend	root	modules.source.css
1689	340739	340877	138	qiling_universal_recommend	root	modules.source.css
1690	340877	341019	142	qiling_universal_recommend	root	modules.source.css
1691	341019	341163	144	qiling_universal_recommend	root	modules.source.css
1692	341163	341297	134	qiling_universal_recommend	root	modules.source.css
1693	341297	341729	432	qiling_universal_recommend	root	modules.source.css
1694	341729	341822	93	qiling_universal_recommend	root	modules.source.css
1695	341822	341979	157	qiling_universal_recommend	root	modules.source.css
1696	341979	342229	250	qiling_universal_recommend	root	modules.source.css
1697	342229	342365	136	qiling_universal_recommend	root	modules.source.css
1698	342365	342882	517	qiling_universal_recommend	root	modules.source.css
1699	342882	343604	722	qiling_universal_recommend	root	modules.source.css
1700	343604	343723	119	reader_wall	root	modules.source.css
1701	343723	343808	85	reader_wall	root	modules.source.css
1702	343808	343899	91	reader_wall	root	modules.source.css
1703	343899	343990	91	reader_wall	root	modules.source.css
1704	343990	344081	91	reader_wall	root	modules.source.css
1705	344081	344569	488	reader_wall	root	modules.source.css
1706	344569	344697	128	reader_wall	root	modules.source.css
1707	344697	344804	107	reader_wall	root	modules.source.css
1708	344804	344935	131	reader_wall	root	modules.source.css
1709	344935	345170	235	reader_wall	root	modules.source.css
1710	345170	345484	314	reader_wall	root	modules.source.css
1711	345484	345611	127	reader_wall	root	modules.source.css
1712	345611	345723	112	reader_wall	root	modules.source.css
1713	345723	345925	202	reader_wall	root	modules.source.css
1714	345925	346298	373	reader_wall	root	modules.source.css
1715	346298	346371	73	reader_wall	root	modules.source.css
1716	346371	346530	159	reader_wall	root	modules.source.css
1717	346530	346658	128	reader_wall	root	modules.source.css
1718	346658	346839	181	reader_wall	root	modules.source.css
1719	346839	346953	114	resource_stats	root	modules.source.css
1720	346953	347051	98	resource_stats	root	modules.source.css
1721	347051	347131	80	resource_stats	root	modules.source.css
1722	347131	347329	198	resource_stats	root	modules.source.css
1723	347329	347524	195	resource_stats	root	modules.source.css
1724	347524	347717	193	resource_stats	root	modules.source.css
1725	347717	348336	619	resource_stats	root	modules.source.css
1726	348336	348663	327	resource_stats	root	modules.source.css
1727	348663	349199	536	resource_stats	root	modules.source.css
1728	349199	349319	120	resource_stats	root	modules.source.css
1729	349319	349618	299	resource_stats	root	modules.source.css
1730	349618	349798	180	resource_stats	root	modules.source.css
1731	349798	349954	156	resource_stats	root	modules.source.css
1732	349954	350042	88	resource_stats	root	modules.source.css
1733	350042	350129	87	resource_stats	root	modules.source.css
1734	350129	350522	393	resource_stats	root	modules.source.css
1735	350522	350639	117	resource_stats	root	modules.source.css
1736	350639	350738	99	resource_stats	root	modules.source.css
1737	350738	350827	89	resource_stats	root	modules.source.css
1738	350827	351126	299	resource_stats	root	modules.source.css
1739	351126	351303	177	resource_stats	root	modules.source.css
1740	351303	352041	738	resource_stats	root	modules.source.css
1741	352041	352404	363	room-showcase	root	modules.source.css
1742	352404	352499	95	room-showcase	root	modules.source.css
1743	352499	353046	547	room-showcase	root	modules.source.css
1744	353046	353240	194	room-showcase	root	modules.source.css
1745	353240	353366	126	room-showcase	root	modules.source.css
1746	353366	353505	139	room-showcase	root	modules.source.css
1747	353505	353609	104	room-showcase	root	modules.source.css
1748	353609	354175	566	room-showcase	root	modules.source.css
1749	354175	354314	139	room-showcase	token	modules.source.css
1750	354314	354454	140	room-showcase	token	modules.source.css
1751	354454	354595	141	room-showcase	token	modules.source.css
1752	354595	354734	139	room-showcase	token	modules.source.css
1753	354734	354808	74	room-showcase	token	modules.source.css
1754	354808	354884	76	room-showcase	token	modules.source.css
1755	354884	355026	142	room-showcase	root	modules.source.css
1756	355026	355226	200	room-showcase	root	modules.source.css
1757	355226	355415	189	room-showcase	root	modules.source.css
1758	355415	355621	206	room-showcase	root	modules.source.css
1759	355621	355707	86	room-showcase	root	modules.source.css
1760	355707	356005	298	room-showcase	root	modules.source.css
1761	356005	356287	282	room-showcase	root	modules.source.css
1762	356287	356734	447	room-showcase	root	modules.source.css
1763	356734	356997	263	room-showcase	root	modules.source.css
1764	356997	357162	165	room-showcase	root	modules.source.css
1765	357162	357293	131	room-showcase	root	modules.source.css
1766	357293	357452	159	room-showcase	root	modules.source.css
1767	357452	357578	126	room-showcase	root	modules.source.css
1768	357578	357779	201	room-showcase	root	modules.source.css
1769	357779	358423	644	room-showcase	root	modules.source.css
1770	358423	358852	429	room-showcase	root	modules.source.css
1771	358852	358990	138	room-showcase	root	modules.source.css
1772	358990	359103	113	room-showcase	root	modules.source.css
1773	359103	359250	147	room-showcase	root	modules.source.css
1774	359250	359803	553	room-showcase	root	modules.source.css
1775	359803	359927	124	room-showcase	root	modules.source.css
1776	359927	360024	97	room-showcase	root	modules.source.css
1777	360024	360126	102	room-showcase	root	modules.source.css
1778	360126	360223	97	room-showcase	root	modules.source.css
1779	360223	360398	175	room-showcase	root	modules.source.css
1780	360398	360493	95	room-showcase	root	modules.source.css
1781	360493	360696	203	room-showcase	root	modules.source.css
1782	360696	360791	95	service_cards	root	modules.source.css
1783	360791	360872	81	service_cards	root	modules.source.css
1784	360872	361493	621	service_cards	root	modules.source.css
1785	361493	361711	218	service_cards	root	modules.source.css
1786	361711	362025	314	service_cards	root	modules.source.css
1787	362025	362116	91	service_cards	root	modules.source.css
1788	362116	362211	95	service_cards	root	modules.source.css
1789	362211	362291	80	service_cards	root	modules.source.css
1790	362291	362429	138	service_cards	root	modules.source.css
1791	362429	362579	150	service_cards	root	modules.source.css
1792	362579	362729	150	service_cards	root	modules.source.css
1793	362729	362987	258	service_cards	root	modules.source.css
1794	362987	363283	296	service_cards	root	modules.source.css
1795	363283	363375	92	service_cards	root	modules.source.css
1796	363375	363868	493	service_cards	root	modules.source.css
1797	363868	364002	134	service_cards	root	modules.source.css
1798	364002	364136	134	service_cards	root	modules.source.css
1799	364136	364270	134	service_cards	root	modules.source.css
1800	364270	364458	188	service_cards	root	modules.source.css
1801	364458	364646	188	services	root	modules.source.css
1802	364646	364739	93	services	root	modules.source.css
1803	364739	364818	79	services	root	modules.source.css
1804	364818	364980	162	services	root	modules.source.css
1805	364980	365151	171	services	root	modules.source.css
1806	365151	365275	124	services	token	modules.source.css
1807	365275	365976	701	services	root	modules.source.css
1808	365976	366394	418	services	root	modules.source.css
1809	366394	366600	206	services	root	modules.source.css
1810	366600	366674	74	services	root	modules.source.css
1811	366674	367218	544	services	root	modules.source.css
1812	367218	367431	213	services	root	modules.source.css
1813	367431	367539	108	services	root	modules.source.css
1814	367539	367615	76	services	root	modules.source.css
1815	367615	367779	164	services	root	modules.source.css
1816	367779	367911	132	services	token	modules.source.css
1817	367911	368008	97	services	token	modules.source.css
1818	368008	368174	166	services	root	modules.source.css
1819	368174	368480	306	services	root	modules.source.css
1820	368480	368585	105	services	root	modules.source.css
1821	368585	368673	88	services	token	modules.source.css
1822	368673	368903	230	skills	root	modules.source.css
1823	368903	369029	126	skills	root	modules.source.css
1824	369029	369103	74	skills	root	modules.source.css
1825	369103	369180	77	skills	root	modules.source.css
1826	369180	369274	94	skills	root	modules.source.css
1827	369274	369447	173	skills	root	modules.source.css
1828	369447	369905	458	skills	root	modules.source.css
1829	369905	370159	254	skills	root	modules.source.css
1830	370159	370389	230	skills	root	modules.source.css
1831	370389	370462	73	skills	root	modules.source.css
1832	370462	370525	63	skills	root	modules.source.css
1833	370525	370705	180	skills	root	modules.source.css
1834	370705	370851	146	skills	root	modules.source.css
1835	370851	371215	364	skills	root	modules.source.css
1836	371215	371494	279	skills	root	modules.source.css
1837	371494	371703	209	skills	root	modules.source.css
1838	371703	371775	72	skills	root	modules.source.css
1839	371775	371857	82	skills	root	modules.source.css
1840	371857	371987	130	skills	root	modules.source.css
1841	371987	372088	101	skills	root	modules.source.css
1842	372088	372415	327	skills	root	modules.source.css
1843	372415	372482	67	skills	root	modules.source.css
1844	372482	372584	102	skills	root	modules.source.css
1845	372584	372764	180	skills	root	modules.source.css
1846	372764	372978	214	skills	root	modules.source.css
1847	372978	373130	152	skills	root	modules.source.css
1848	373130	373489	359	skills	root	modules.source.css
1849	373489	373563	74	skills	root	modules.source.css
1850	373563	373648	85	skills	root	modules.source.css
1851	373648	373732	84	skills	root	modules.source.css
1852	373732	373915	183	skills	root	modules.source.css
1853	373915	374300	385	skills	root	modules.source.css
1854	374300	374391	91	skills	root	modules.source.css
1855	374391	374479	88	skills	root	modules.source.css
1856	374479	374697	218	skills	root	modules.source.css
1857	374697	374921	224	software_carousel	root	modules.source.css
1858	374921	375005	84	software_carousel	root	modules.source.css
1859	375005	375178	173	software_carousel	root	modules.source.css
1860	375178	375384	206	software_carousel	root	modules.source.css
1861	375384	375601	217	software_carousel	root	modules.source.css
1862	375601	375875	274	software_carousel	root	modules.source.css
1863	375875	376512	637	software_carousel	root	modules.source.css
1864	376512	376847	335	software_carousel	root	modules.source.css
1865	376847	377142	295	software_carousel	root	modules.source.css
1866	377142	377302	160	software_carousel	root	modules.source.css
1867	377302	377388	86	software_carousel	root	modules.source.css
1868	377388	377507	119	software_carousel	section-fallback	modules.source.css
1869	377507	378382	875	software_carousel	root	modules.source.css
1870	378382	378568	186	software_carousel	root	modules.source.css
1871	378568	378865	297	software_carousel	root	modules.source.css
1872	378865	379343	478	software_carousel	root	modules.source.css
1873	379343	379651	308	software_carousel	root	modules.source.css
1874	379651	380022	371	software_carousel	root	modules.source.css
1875	380022	380158	136	software_carousel	root	modules.source.css
1876	380158	380284	126	software_carousel	root	modules.source.css
1877	380284	380686	402	software_carousel	root	modules.source.css
1878	380686	380776	90	software_carousel	root	modules.source.css
1879	380776	380865	89	software_carousel	root	modules.source.css
1880	380865	381117	252	software_carousel	root	modules.source.css
1881	381117	381538	421	software_carousel	root	modules.source.css
1882	381538	381746	208	software_category	root	modules.source.css
1883	381746	381830	84	software_category	root	modules.source.css
1884	381830	382003	173	software_category	root	modules.source.css
1885	382003	382251	248	software_category	root	modules.source.css
1886	382251	382525	274	software_category	root	modules.source.css
1887	382525	382740	215	software_category	root	modules.source.css
1888	382740	383322	582	software_category	root	modules.source.css
1889	383322	383567	245	software_category	root	modules.source.css
1890	383567	384103	536	software_category	root	modules.source.css
1891	384103	384377	274	software_category	root	modules.source.css
1892	384377	384867	490	software_category	root	modules.source.css
1893	384867	384979	112	software_category	root	modules.source.css
1894	384979	385074	95	software_category	root	modules.source.css
1895	385074	385249	175	software_category	root	modules.source.css
1896	385249	385485	236	software_category	root	modules.source.css
1897	385485	385620	135	software_category	root	modules.source.css
1898	385620	385793	173	software_category	root	modules.source.css
1899	385793	386050	257	software_category	root	modules.source.css
1900	386050	386217	167	software_category	root	modules.source.css
1901	386217	386358	141	software_category	root	modules.source.css
1902	386358	386576	218	software_category	root	modules.source.css
1903	386576	386710	134	software_category	root	modules.source.css
1904	386710	386854	144	software_category	root	modules.source.css
1905	386854	386935	81	software_category	root	modules.source.css
1906	386935	387065	130	software_category	root	modules.source.css
1907	387065	387244	179	software_category	root	modules.source.css
1908	387244	387393	149	software_category	root	modules.source.css
1909	387393	387506	113	software_category	root	modules.source.css
1910	387506	387692	186	software_category	root	modules.source.css
1911	387692	387925	233	software_category	root	modules.source.css
1912	387925	388063	138	software_category	root	modules.source.css
1913	388063	388251	188	software_category	root	modules.source.css
1914	388251	388360	109	software_category	root	modules.source.css
1915	388360	388630	270	software_category	root	modules.source.css
1916	388630	388717	87	software_category	root	modules.source.css
1917	388717	388857	140	software_category	root	modules.source.css
1918	388857	388997	140	software_category	root	modules.source.css
1919	388997	389121	124	software_category	root	modules.source.css
1920	389121	389489	368	software_category	root	modules.source.css
1921	389489	389630	141	software_category	root	modules.source.css
1922	389630	389925	295	software_category	root	modules.source.css
1923	389925	390287	362	software_category	root	modules.source.css
1924	390287	390620	333	software_category	root	modules.source.css
1925	390620	390734	114	software_category	root	modules.source.css
1926	390734	390828	94	software_category	root	modules.source.css
1927	390828	390964	136	software_category	root	modules.source.css
1928	390964	391250	286	software_category	token	modules.source.css
1929	391250	391569	319	software_category	token	modules.source.css
1930	391569	391816	247	software_category	token	modules.source.css
1931	391816	391953	137	software_category	token	modules.source.css
1932	391953	392076	123	software_category	token	modules.source.css
1933	392076	392173	97	software_category	token	modules.source.css
1934	392173	392528	355	software_category	root	modules.source.css
1935	392528	392818	290	software_category	root	modules.source.css
1936	392818	392953	135	software_category	root	modules.source.css
1937	392953	393355	402	software_category	root	modules.source.css
1938	393355	393445	90	software_category	root	modules.source.css
1939	393445	393531	86	software_category	root	modules.source.css
1940	393531	393620	89	software_category	root	modules.source.css
1941	393620	393757	137	software_category	root	modules.source.css
1942	393757	393894	137	software_category	root	modules.source.css
1943	393894	394102	208	software_category	root	modules.source.css
1944	394102	394312	210	software_category	root	modules.source.css
1945	394312	394564	252	software_category	root	modules.source.css
1946	394564	394800	236	software_category	root	modules.source.css
1947	394800	395326	526	software_category	root	modules.source.css
1948	395326	395527	201	software_category	root	modules.source.css
1949	395527	395652	125	software_category	root	modules.source.css
1950	395652	395811	159	software_category	root	modules.source.css
1951	395811	395982	171	software_category	root	modules.source.css
1952	395982	396165	183	software_category	root	modules.source.css
1953	396165	396623	458	software_category	root	modules.source.css
1954	396623	396968	345	software_category	root	modules.source.css
1955	396968	397105	137	software_category	root	modules.source.css
1956	397105	397370	265	software_ranking	root	modules.source.css
1957	397370	397536	166	software_ranking	root	modules.source.css
1958	397536	397741	205	software_ranking	root	modules.source.css
1959	397741	397912	171	software_ranking	root	modules.source.css
1960	397912	398232	320	software_ranking	root	modules.source.css
1961	398232	398454	222	software_ranking	root	modules.source.css
1962	398454	399095	641	software_ranking	root	modules.source.css
1963	399095	399429	334	software_ranking	root	modules.source.css
1964	399429	399579	150	software_ranking	root	modules.source.css
1965	399579	400151	572	software_ranking	root	modules.source.css
1966	400151	400291	140	software_ranking	root	modules.source.css
1967	400291	400357	66	software_ranking	root	modules.source.css
1968	400357	400617	260	software_ranking	root	modules.source.css
1969	400617	400746	129	software_ranking	root	modules.source.css
1970	400746	401077	331	software_ranking	root	modules.source.css
1971	401077	401196	119	software_ranking	root	modules.source.css
1972	401196	401274	78	software_ranking	root	modules.source.css
1973	401274	401427	153	software_ranking	root	modules.source.css
1974	401427	401565	138	software_ranking	root	modules.source.css
1975	401565	401739	174	software_ranking	root	modules.source.css
1976	401739	401963	224	software_ranking	root	modules.source.css
1977	401963	402106	143	software_ranking	root	modules.source.css
1978	402106	402188	82	software_ranking	root	modules.source.css
1979	402188	402612	424	software_ranking	root	modules.source.css
1980	402612	403241	629	software_ranking	root	modules.source.css
1981	403241	403383	142	software_ranking	root	modules.source.css
1982	403383	403496	113	software_ranking	root	modules.source.css
1983	403496	403590	94	software_ranking	root	modules.source.css
1984	403590	404181	591	software_ranking	root	modules.source.css
1985	404181	404550	369	software_ranking	root	modules.source.css
1986	404550	404697	147	software_ranking	root	modules.source.css
1987	404697	404847	150	software_ranking	root	modules.source.css
1988	404847	405237	390	software_ranking	root	modules.source.css
1989	405237	405707	470	software_ranking	root	modules.source.css
1990	405707	405972	265	software_ranking	root	modules.source.css
1991	405972	406116	144	software_ranking	root	modules.source.css
1992	406116	406266	150	software_ranking	root	modules.source.css
1993	406266	406404	138	software_ranking	root	modules.source.css
1994	406404	406567	163	software_ranking	root	modules.source.css
1995	406567	406701	134	software_ranking	root	modules.source.css
1996	406701	406849	148	software_ranking	root	modules.source.css
1997	406849	407288	439	software_ranking	root	modules.source.css
1998	407288	407550	262	software_ranking	root	modules.source.css
1999	407550	407699	149	software_ranking	root	modules.source.css
2000	407699	407796	97	software_ranking	root	modules.source.css
2001	407796	408121	325	software_ranking	root	modules.source.css
2002	408121	408762	641	software_ranking	root	modules.source.css
2003	408762	408918	156	software_ranking	root	modules.source.css
2004	408918	409059	141	software_ranking	root	modules.source.css
2005	409059	409228	169	software_ranking	root	modules.source.css
2006	409228	409960	732	software_ranking	root	modules.source.css
2007	409960	410084	124	software_ranking	root	modules.source.css
2008	410084	410242	158	software_ranking	root	modules.source.css
2009	410242	410389	147	software_ranking	root	modules.source.css
2010	410389	410545	156	software_ranking	root	modules.source.css
2011	410545	411174	629	software_ranking	root	modules.source.css
2012	411174	411263	89	software_ranking	root	modules.source.css
2013	411263	411398	135	software_ranking	root	modules.source.css
2014	411398	411675	277	banner	root	modules.source.css
2015	411675	412090	415	banner	root	modules.source.css
2016	412090	412465	375	stats	root	modules.source.css
2017	412465	412541	76	stats	root	modules.source.css
2018	412541	412723	182	stats	root	modules.source.css
2019	412723	412789	66	stats	root	modules.source.css
2020	412789	412963	174	stats	root	modules.source.css
2021	412963	413061	98	stats	root	modules.source.css
2022	413061	413532	471	stats	root	modules.source.css
2023	413532	413718	186	stats	root	modules.source.css
2024	413718	413888	170	stats	root	modules.source.css
2025	413888	414036	148	stats	root	modules.source.css
2026	414036	414164	128	stats	root	modules.source.css
2027	414164	414356	192	stats	root	modules.source.css
2028	414356	414624	268	stats	root	modules.source.css
2029	414624	414720	96	stats	root	modules.source.css
2030	414720	414871	151	stats	root	modules.source.css
2031	414871	415191	320	stats	root	modules.source.css
2032	415191	415380	189	stats	token	modules.source.css
2033	415380	415527	147	stats	token	modules.source.css
2034	415527	415633	106	stats	token	modules.source.css
2035	415633	415758	125	stats	token	modules.source.css
2036	415758	416309	551	stats	token	modules.source.css
2037	416309	416615	306	stats	token	modules.source.css
2038	416615	416868	253	stats	token	modules.source.css
2039	416868	417118	250	stats	token	modules.source.css
2040	417118	417493	375	stats	token	modules.source.css
2041	417493	417707	214	stats	token	modules.source.css
2042	417707	417848	141	stats	token	modules.source.css
2043	417848	418572	724	stats	token	modules.source.css
2044	418572	418684	112	tabbed_carousel	root	modules.source.css
2045	418684	418781	97	tabbed_carousel	root	modules.source.css
2046	418781	418898	117	tabbed_carousel	token	modules.source.css
2047	418898	419419	521	tabbed_carousel	token	modules.source.css
2048	419419	419469	50	tabbed_carousel	token	modules.source.css
2049	419469	419894	425	tabbed_carousel	token	modules.source.css
2050	419894	420075	181	tabbed_carousel	token	modules.source.css
2051	420075	420137	62	tabbed_carousel	token	modules.source.css
2052	420137	420395	258	tabbed_carousel	token	modules.source.css
2053	420395	420514	119	tabbed_carousel	token	modules.source.css
2054	420514	420598	84	tabbed_carousel	token	modules.source.css
2055	420598	420719	121	tabbed_carousel	token	modules.source.css
2056	420719	421067	348	tabbed_carousel	token	modules.source.css
2057	421067	421186	119	tabbed_carousel	token	modules.source.css
2058	421186	421641	455	tabbed_carousel	token	modules.source.css
2059	421641	421918	277	tabbed_carousel	token	modules.source.css
2060	421918	422024	106	tabbed_carousel	token	modules.source.css
2061	422024	422135	111	tabbed_carousel	token	modules.source.css
2062	422135	422296	161	tabbed_carousel	token	modules.source.css
2063	422296	422439	143	tabbed_carousel	token	modules.source.css
2064	422439	422529	90	tabbed_carousel	token	modules.source.css
2065	422529	422798	269	tabbed_carousel	token	modules.source.css
2066	422798	422941	143	tabbed_carousel	token	modules.source.css
2067	422941	423033	92	tabbed_carousel	token	modules.source.css
2068	423033	423295	262	tabbed_carousel	token	modules.source.css
2069	423295	423670	375	tabbed_carousel	token	modules.source.css
2070	423670	423758	88	tabbed_carousel	token	modules.source.css
2071	423758	423934	176	tabs	root	modules.source.css
2072	423934	424090	156	tabs	root	modules.source.css
2073	424090	424155	65	tabs	root	modules.source.css
2074	424155	424230	75	tabs	root	modules.source.css
2075	424230	424353	123	tabs	token	modules.source.css
2076	424353	424410	57	tabs	token	modules.source.css
2077	424410	424465	55	tabs	token	modules.source.css
2078	424465	424521	56	tabs	token	modules.source.css
2079	424521	424941	420	tabs	root	modules.source.css
2080	424941	424991	50	tabs	root	modules.source.css
2081	424991	425088	97	tabs	root	modules.source.css
2082	425088	425356	268	tabs	root	modules.source.css
2083	425356	425575	219	tabs	root	modules.source.css
2084	425575	425817	242	tabs	root	modules.source.css
2085	425817	426034	217	tabs	root	modules.source.css
2086	426034	426326	292	tabs	root	modules.source.css
2087	426326	426500	174	tabs	root	modules.source.css
2088	426500	427050	550	tabs	root	modules.source.css
2089	427050	427404	354	tabs	root	modules.source.css
2090	427404	427865	461	tabs	root	modules.source.css
2091	427865	428074	209	tabs	root	modules.source.css
2092	428074	428150	76	tabs	root	modules.source.css
2093	428150	428203	53	tabs	root	modules.source.css
2094	428203	428337	134	tabs	root	modules.source.css
2095	428337	428406	69	tabs	root	modules.source.css
2096	428406	428477	71	tabs	root	modules.source.css
2097	428477	428619	142	tabs	section-fallback	modules.source.css
2098	428619	428698	79	tabs	root	modules.source.css
2099	428698	428850	152	tabs	root	modules.source.css
2100	428850	428930	80	tabs	root	modules.source.css
2101	428930	429389	459	tabs	root	modules.source.css
2102	429389	429475	86	tabs	root	modules.source.css
2103	429475	429681	206	tabs	root	modules.source.css
2104	429681	429786	105	tabs	root	modules.source.css
2105	429786	429943	157	tabs	root	modules.source.css
2106	429943	430175	232	tabs	root	modules.source.css
2107	430175	430283	108	tabs	root	modules.source.css
2108	430283	430472	189	tabs	root	modules.source.css
2109	430472	430920	448	tabs	root	modules.source.css
2110	430920	431208	288	tabs	root	modules.source.css
2111	431208	431326	118	tabs	root	modules.source.css
2112	431326	431807	481	tabs	root	modules.source.css
2113	431807	431973	166	team	root	modules.source.css
2114	431973	432097	124	team	root	modules.source.css
2115	432097	432161	64	team	token	modules.source.css
2116	432161	432236	75	team	root	modules.source.css
2117	432236	432315	79	team	token	modules.source.css
2118	432315	432897	582	team	root	modules.source.css
2119	432897	433055	158	team	token	modules.source.css
2120	433055	433395	340	team	token	modules.source.css
2121	433395	433456	61	team	token	modules.source.css
2122	433456	433530	74	team	token	modules.source.css
2123	433530	433650	120	team	token	modules.source.css
2124	433650	433796	146	team	token	modules.source.css
2125	433796	433968	172	team	token	modules.source.css
2126	433968	434117	149	team	token	modules.source.css
2127	434117	434236	119	team	token	modules.source.css
2128	434236	434563	327	team	token	modules.source.css
2129	434563	434752	189	team	token	modules.source.css
2130	434752	434799	47	team	token	modules.source.css
2131	434799	434868	69	team	token	modules.source.css
2132	434868	435247	379	team	token	modules.source.css
2133	435247	435528	281	team	token	modules.source.css
2134	435528	435624	96	team	token	modules.source.css
2135	435624	435676	52	team	token	modules.source.css
2136	435676	435783	107	team	token	modules.source.css
2137	435783	435952	169	team	token	modules.source.css
2138	435952	436054	102	team	root	modules.source.css
2139	436054	436182	128	team	root	modules.source.css
2140	436182	436267	85	team	root	modules.source.css
2141	436267	436567	300	team	token	modules.source.css
2142	436567	436838	271	team	root	modules.source.css
2143	436838	436900	62	team	token	modules.source.css
2144	436900	436965	65	team	token	modules.source.css
2145	436965	437145	180	team	token	modules.source.css
2146	437145	437225	80	team	token	modules.source.css
2147	437225	437358	133	team	token	modules.source.css
2148	437358	437511	153	team	token	modules.source.css
2149	437511	437703	192	testimonials	root	modules.source.css
2150	437703	437786	83	testimonials	root	modules.source.css
2151	437786	437858	72	testimonials	token	modules.source.css
2152	437858	437935	77	testimonials	token	modules.source.css
2153	437935	438012	77	testimonials	token	modules.source.css
2154	438012	438626	614	testimonials	root	modules.source.css
2155	438626	438851	225	testimonials	root	modules.source.css
2156	438851	439198	347	testimonials	token	modules.source.css
2157	439198	439411	213	testimonials	token	modules.source.css
2158	439411	439524	113	testimonials	token	modules.source.css
2159	439524	439643	119	testimonials	token	modules.source.css
2160	439643	439712	69	testimonials	token	modules.source.css
2161	439712	439928	216	testimonials	token	modules.source.css
2162	439928	440255	327	testimonials	token	modules.source.css
2163	440255	440342	87	testimonials	token	modules.source.css
2164	440342	440423	81	testimonials	token	modules.source.css
2165	440423	440550	127	testimonials	token	modules.source.css
2166	440550	440657	107	testimonials	section-fallback	modules.source.css
2167	440657	440725	68	testimonials	section-fallback	modules.source.css
2168	440725	440791	66	testimonials	section-fallback	modules.source.css
2169	440791	440860	69	testimonials	section-fallback	modules.source.css
2170	440860	440929	69	testimonials	section-fallback	modules.source.css
2171	440929	440979	50	testimonials	token	modules.source.css
2172	440979	441203	224	testimonials	token	modules.source.css
2173	441203	441388	185	testimonials	token	modules.source.css
2174	441388	441524	136	testimonials	token	modules.source.css
2175	441524	441790	266	testimonials	token	modules.source.css
2176	441790	442022	232	testimonials	root	modules.source.css
2177	442022	442524	502	testimonials	root	modules.source.css
2178	442524	442942	418	testimonials	root	modules.source.css
2179	442942	443003	61	testimonials	token	modules.source.css
2180	443003	443089	86	testimonials	token	modules.source.css
2181	443089	443240	151	testimonials	token	modules.source.css
2182	443240	443320	80	testimonials	token	modules.source.css
2183	443320	443407	87	testimonials	token	modules.source.css
2184	443407	444251	844	testimonials	root	modules.source.css
2185	444251	444689	438	testimonials	root	modules.source.css
2186	444689	444795	106	testimonials	token	modules.source.css
2187	444795	444934	139	testimonials	token	modules.source.css
2188	444934	445014	80	testimonials	token	modules.source.css
2189	445014	445141	127	testimonials	token	modules.source.css
2190	445141	445218	77	testimonials	token	modules.source.css
2191	445218	445502	284	testimonials	token	modules.source.css
2192	445502	445612	110	testimonials	token	modules.source.css
2193	445612	445685	73	testimonials	token	modules.source.css
2194	445685	445873	188	testimonials	token	modules.source.css
2195	445873	446148	275	testimonials	token	modules.source.css
2196	446148	446261	113	testimonials	token	modules.source.css
2197	446261	446366	105	testimonials	token	modules.source.css
2198	446366	446478	112	testimonials	token	modules.source.css
2199	446478	446585	107	testimonials	token	modules.source.css
2200	446585	446692	107	testimonials	token	modules.source.css
2201	446692	446808	116	testimonials	token	modules.source.css
2202	446808	446913	105	testimonials	token	modules.source.css
2203	446913	447019	106	testimonials	token	modules.source.css
2204	447019	447131	112	testimonials	token	modules.source.css
2205	447131	447191	60	testimonials	token	modules.source.css
2206	447191	447510	319	testimonials	token	modules.source.css
2207	447510	447622	112	testimonials	token	modules.source.css
2208	447622	447729	107	testimonials	token	modules.source.css
2209	447729	447833	104	testimonials	token	modules.source.css
2210	447833	447953	120	testimonials	token	modules.source.css
2211	447953	448041	88	testimonials	token	modules.source.css
2212	448041	448173	132	testimonials	token	modules.source.css
2213	448173	448662	489	testimonials	token	modules.source.css
2214	448662	448866	204	testimonials	token	modules.source.css
2215	448866	448903	37	testimonials	token	modules.source.css
2216	448903	448941	38	testimonials	token	modules.source.css
2217	448941	449088	147	testimonials	token	modules.source.css
2218	449088	449265	177	testimonials	token	modules.source.css
2219	449265	449380	115	testimonials	token	modules.source.css
2220	449380	449564	184	testimonials	token	modules.source.css
2221	449564	449659	95	testimonials	token	modules.source.css
2222	449659	449831	172	testimonials	token	modules.source.css
2223	449831	449941	110	testimonials	token	modules.source.css
2224	449941	450015	74	testimonials	token	modules.source.css
2225	450015	450363	348	testimonials	token	modules.source.css
2226	450363	450440	77	testimonials	token	modules.source.css
2227	450440	450576	136	testimonials	token	modules.source.css
2228	450576	450775	199	testimonials	token	modules.source.css
2229	450775	450866	91	testimonials	token	modules.source.css
2230	450866	451071	205	ticket-showcase	root	modules.source.css
2231	451071	451571	500	ticket-showcase	root	modules.source.css
2232	451571	451770	199	ticket-showcase	root	modules.source.css
2233	451770	451893	123	ticket-showcase	root	modules.source.css
2234	451893	452037	144	ticket-showcase	root	modules.source.css
2235	452037	452155	118	ticket-showcase	root	modules.source.css
2236	452155	452701	546	ticket-showcase	root	modules.source.css
2237	452701	452848	147	ticket-showcase	root	modules.source.css
2238	452848	453061	213	ticket-showcase	root	modules.source.css
2239	453061	453240	179	ticket-showcase	root	modules.source.css
2240	453240	453692	452	ticket-showcase	root	modules.source.css
2241	453692	453888	196	ticket-showcase	root	modules.source.css
2242	453888	454059	171	ticket-showcase	root	modules.source.css
2243	454059	454361	302	ticket-showcase	root	modules.source.css
2244	454361	454486	125	ticket-showcase	root	modules.source.css
2245	454486	454698	212	ticket-showcase	root	modules.source.css
2246	454698	454903	205	ticket-showcase	root	modules.source.css
2247	454903	455015	112	ticket-showcase	root	modules.source.css
2248	455015	455293	278	ticket-showcase	root	modules.source.css
2249	455293	455418	125	ticket-showcase	root	modules.source.css
2250	455418	455570	152	ticket-showcase	root	modules.source.css
2251	455570	455742	172	ticket-showcase	root	modules.source.css
2252	455742	456350	608	ticket-showcase	root	modules.source.css
2253	456350	456790	440	ticket-showcase	root	modules.source.css
2254	456790	456964	174	ticket-showcase	root	modules.source.css
2255	456964	457479	515	ticket-showcase	root	modules.source.css
2256	457479	457612	133	ticket-showcase	root	modules.source.css
2257	457612	457704	92	ticket-showcase	root	modules.source.css
2258	457704	457910	206	ticket-showcase	root	modules.source.css
2259	457910	458292	382	ticket-showcase	root	modules.source.css
2260	458292	458413	121	timeline	root	modules.source.css
2261	458413	458572	159	timeline	root	modules.source.css
2262	458572	458879	307	timeline	root	modules.source.css
2263	458879	459045	166	timeline	root	modules.source.css
2264	459045	459128	83	timeline	root	modules.source.css
2265	459128	459711	583	timeline	root	modules.source.css
2266	459711	459857	146	timeline	root	modules.source.css
2267	459857	459947	90	timeline	root	modules.source.css
2268	459947	460037	90	timeline	root	modules.source.css
2269	460037	460427	390	timeline	root	modules.source.css
2270	460427	460788	361	timeline	root	modules.source.css
2271	460788	460958	170	timeline	root	modules.source.css
2272	460958	461105	147	timeline	root	modules.source.css
2273	461105	461216	111	timeline	root	modules.source.css
2274	461216	461611	395	timeline	root	modules.source.css
2275	461611	461806	195	timeline	root	modules.source.css
2276	461806	461890	84	timeline	root	modules.source.css
2277	461890	461976	86	timeline	root	modules.source.css
2278	461976	462059	83	timeline	root	modules.source.css
2279	462059	462148	89	timeline	root	modules.source.css
2280	462148	462701	553	timeline	root	modules.source.css
2281	462701	462900	199	tour-package	root	modules.source.css
2282	462900	463395	495	tour-package	root	modules.source.css
2283	463395	463589	194	tour-package	root	modules.source.css
2284	463589	463707	118	tour-package	root	modules.source.css
2285	463707	463846	139	tour-package	root	modules.source.css
2286	463846	463951	105	tour-package	root	modules.source.css
2287	463951	464515	564	tour-package	root	modules.source.css
2288	464515	465011	496	tour-package	root	modules.source.css
2289	465011	465078	67	tour-package	root	modules.source.css
2290	465078	465217	139	tour-package	root	modules.source.css
2291	465217	465386	169	tour-package	root	modules.source.css
2292	465386	465518	132	tour-package	root	modules.source.css
2293	465518	465627	109	tour-package	root	modules.source.css
2294	465627	465896	269	tour-package	root	modules.source.css
2295	465896	466068	172	tour-package	root	modules.source.css
2296	466068	466177	109	tour-package	root	modules.source.css
2297	466177	466260	83	tour-package	root	modules.source.css
2298	466260	466462	202	tour-package	root	modules.source.css
2299	466462	466883	421	tour-package	root	modules.source.css
2300	466883	466992	109	tour-package	root	modules.source.css
2301	466992	467228	236	tour-package	root	modules.source.css
2302	467228	467370	142	tour-package	root	modules.source.css
2303	467370	467532	162	tour-package	root	modules.source.css
2304	467532	467699	167	tour-package	root	modules.source.css
2305	467699	467904	205	tour-package	root	modules.source.css
2306	467904	468007	103	tour-package	root	modules.source.css
2307	468007	468306	299	tour-package	root	modules.source.css
2308	468306	468507	201	tour-package	root	modules.source.css
2309	468507	468618	111	tour-package	root	modules.source.css
2310	468618	468737	119	tour-package	root	modules.source.css
2311	468737	468960	223	tour-package	root	modules.source.css
2312	468960	469090	130	tour-package	root	modules.source.css
2313	469090	469467	377	tour-package	root	modules.source.css
2314	469467	469594	127	tour-package	root	modules.source.css
2315	469594	469830	236	tour-package	root	modules.source.css
2316	469830	469940	110	video	root	modules.source.css
2317	469940	470016	76	video	root	modules.source.css
2318	470016	470387	371	video	root	modules.source.css
2319	470387	470569	182	video	root	modules.source.css
2320	470569	470774	205	video	root	modules.source.css
2321	470774	470871	97	video	root	modules.source.css
2322	470871	471020	149	video	root	modules.source.css
2323	471020	471359	339	video	root	modules.source.css
2324	471359	471505	146	video	root	modules.source.css
2325	471505	471601	96	video	root	modules.source.css
2326	471601	472183	582	video	root	modules.source.css
2327	472183	472351	168	video	root	modules.source.css
2328	472351	472495	144	video	root	modules.source.css
2329	472495	472675	180	video	root	modules.source.css
2330	472675	472849	174	video	root	modules.source.css
2331	472849	472914	65	video	root	modules.source.css
2332	472914	473218	304	video	root	modules.source.css
2333	473218	473404	186	video	root	modules.source.css
2334	473404	473717	313	video	token	modules.source.css
2335	473717	474098	381	_shared	shared-generic-admin-notice	modules.source.css
2336	474098	474266	168	news	root	modules.source.css
2337	474266	474341	75	news	root	modules.source.css
2338	474341	474523	182	news	root	modules.source.css
2339	474523	474927	404	news	root	modules.source.css
2340	474927	475100	173	news	root	modules.source.css
2341	475100	475256	156	news	root	modules.source.css
2342	475256	475766	510	news	root	modules.source.css
2343	475766	475942	176	news	root	modules.source.css
2344	475942	476093	151	news	root	modules.source.css
2345	476093	476201	108	news	root	modules.source.css
2346	476201	476503	302	news	root	modules.source.css
2347	476503	476626	123	news	root	modules.source.css
2348	476626	476798	172	news	root	modules.source.css
2349	476798	477121	323	news	root	modules.source.css
2350	477121	477182	61	news	root	modules.source.css
2351	477182	477279	97	news	root	modules.source.css
2352	477279	477351	72	news	root	modules.source.css
2353	477351	477946	595	news	root	modules.source.css
2354	477946	478374	428	news	root	modules.source.css
2355	478374	478544	170	news	root	modules.source.css
2356	478544	478672	128	news	root	modules.source.css
2357	478672	478963	291	news	root	modules.source.css
2358	478963	479235	272	work_detail	root	modules.source.css
2359	479235	479319	84	work_detail	root	modules.source.css
2360	479319	479749	430	work_detail	root	modules.source.css
2361	479749	479899	150	work_detail	root	modules.source.css
2362	479899	479983	84	work_detail	root	modules.source.css
2363	479983	480177	194	work_detail	root	modules.source.css
2364	480177	480393	216	work_detail	root	modules.source.css
2365	480393	480636	243	work_detail	root	modules.source.css
2366	480636	480759	123	work_detail	root	modules.source.css
2367	480759	480875	116	work_detail	root	modules.source.css
2368	480875	481050	175	work_detail	root	modules.source.css
2369	481050	481144	94	work_detail	root	modules.source.css
2370	481144	481273	129	work_detail	root	modules.source.css
2371	481273	481349	76	work_detail	root	modules.source.css
2372	481349	481427	78	work_detail	root	modules.source.css
2373	481427	481509	82	work_detail	root	modules.source.css
2374	481509	481636	127	work_detail	root	modules.source.css
2375	481636	481780	144	work_detail	root	modules.source.css
2376	481780	481923	143	work_detail	root	modules.source.css
2377	481923	482154	231	work_detail	root	modules.source.css
2378	482154	482277	123	work_detail	root	modules.source.css
2379	482277	482670	393	work_detail	root	modules.source.css
2380	482670	482847	177	work_detail	root	modules.source.css
2381	482847	482956	109	work_detail	root	modules.source.css
2382	482956	483139	183	work_detail	root	modules.source.css
2383	483139	483251	112	work_detail	root	modules.source.css
2384	483251	483458	207	work_detail	root	modules.source.css
2385	483458	483520	62	work_detail	root	modules.source.css
2386	483520	483676	156	work_detail	root	modules.source.css
2387	483676	483754	78	work_detail	root	modules.source.css
2388	483754	483932	178	work_detail	root	modules.source.css
2389	483932	484154	222	work_detail	root	modules.source.css
2390	484154	484211	57	work_detail	root	modules.source.css
2391	484211	484443	232	work_detail	root	modules.source.css
2392	484443	484776	333	work_detail	root	modules.source.css
2393	484776	485056	280	work_detail	root	modules.source.css
2394	485056	485324	268	work_library	root	modules.source.css
2395	485324	485401	77	work_library	root	modules.source.css
2396	485401	485594	193	work_library	root	modules.source.css
2397	485594	485709	115	work_library	root	modules.source.css
2398	485709	485941	232	work_library	root	modules.source.css
2399	485941	486109	168	work_library	root	modules.source.css
2400	486109	486666	557	work_library	root	modules.source.css
2401	486666	486885	219	work_library	root	modules.source.css
2402	486885	487031	146	work_library	root	modules.source.css
2403	487031	487278	247	work_library	root	modules.source.css
2404	487278	487408	130	work_library	root	modules.source.css
2405	487408	487625	217	work_library	root	modules.source.css
2406	487625	487804	179	work_library	root	modules.source.css
2407	487804	488238	434	work_library	root	modules.source.css
2408	488238	488435	197	work_library	root	modules.source.css
2409	488435	488724	289	work_library	root	modules.source.css
2410	488724	488967	243	work_library	root	modules.source.css
2411	488967	489063	96	work_library	root	modules.source.css
2412	489063	489207	144	work_library	root	modules.source.css
2413	489207	489582	375	work_library	root	modules.source.css
2414	489582	489754	172	work_library	root	modules.source.css
2415	489754	490215	461	work_library	root	modules.source.css
2416	490215	490476	261	work_library	root	modules.source.css
2417	490476	490933	457	work_library	root	modules.source.css
2418	490933	491184	251	work_library	root	modules.source.css
2419	491184	491366	182	work_library	root	modules.source.css
2420	491366	491641	275	work_library	root	modules.source.css
2421	491641	491781	140	magic_layout	root	modules.source.css
2422	491781	491897	116	magic_layout	root	modules.source.css
2423	491897	492092	195	magic_layout	root	modules.source.css
2424	492092	492168	76	magic_layout	root	modules.source.css
2425	492168	492277	109	magic_layout	root	modules.source.css
2426	492277	492352	75	magic_layout	root	modules.source.css
2427	492352	492425	73	magic_layout	root	modules.source.css
2428	492425	492492	67	magic_layout	root	modules.source.css
2429	492492	492753	261	magic_layout	root	modules.source.css
2430	492753	492929	176	magic_layout	root	modules.source.css
2431	492929	493057	128	magic_layout	root	modules.source.css
2432	493057	493143	86	magic_layout	root	modules.source.css
2433	493143	493226	83	magic_layout	root	modules.source.css
2434	493226	493308	82	magic_layout	root	modules.source.css
2435	493308	493550	242	magic_layout	root	modules.source.css
2436	493550	493830	280	magic_layout	root	modules.source.css
2437	493830	494037	207	magic_layout	root	modules.source.css
2438	494037	494359	322	magic_layout	root	modules.source.css
2439	494359	494651	292	magic_layout	root	modules.source.css
2440	494651	494706	55	magic_layout	root	modules.source.css
2441	494706	494804	98	magic_layout	root	modules.source.css
2442	494804	494982	178	magic_layout	root	modules.source.css
2443	494982	495144	162	magic_layout	root	modules.source.css
2444	495144	495309	165	magic_layout	root	modules.source.css
2445	495309	495480	171	magic_layout	root	modules.source.css
2446	495480	495611	131	magic_layout	root	modules.source.css
2447	495611	495662	51	magic_layout	root	modules.source.css
2448	495662	495742	80	magic_layout	root	modules.source.css
2449	495742	495803	61	magic_layout	root	modules.source.css
2450	495803	495891	88	magic_layout	root	modules.source.css
2451	495891	495979	88	magic_layout	root	modules.source.css
2452	495979	496039	60	magic_layout	root	modules.source.css
2453	496039	496125	86	magic_layout	root	modules.source.css
2454	496125	496212	87	magic_layout	root	modules.source.css
2455	496212	496637	425	magic_layout	root	modules.source.css
2456	496637	496712	75	magic_layout	root	modules.source.css
2457	496712	496895	183	magic_layout	root	modules.source.css
2458	496895	497018	123	magic_layout	root	modules.source.css
2459	497018	497203	185	magic_layout	root	modules.source.css
2460	497203	497407	204	magic_layout	root	modules.source.css
2461	497407	497613	206	magic_layout	root	modules.source.css
2462	497613	497686	73	magic_layout	root	modules.source.css
2463	497686	497964	278	magic_layout	root	modules.source.css
2464	497964	498044	80	magic_layout	root	modules.source.css
2465	498044	498105	61	magic_layout	root	modules.source.css
2466	498105	498192	87	magic_layout	root	modules.source.css
2467	498192	498280	88	magic_layout	root	modules.source.css
2468	498280	498526	246	magic_layout	root	modules.source.css
2469	498526	498729	203	magic_layout	root	modules.source.css
2470	498729	498966	237	magic_layout	root	modules.source.css
2471	498966	499447	481	magic_layout	root	modules.source.css
2472	499447	500407	960	magic_layout	root	modules.source.css
2473	500407	500513	106	visual_tabs	root	modules.source.css
2474	500513	500644	131	visual_tabs	root	modules.source.css
2475	500644	500716	72	visual_tabs	root	modules.source.css
2476	500716	500798	82	visual_tabs	root	modules.source.css
2477	500798	500896	98	visual_tabs	token	modules.source.css
2478	500896	501038	142	visual_tabs	token	modules.source.css
2479	501038	501589	551	visual_tabs	token	modules.source.css
2480	501589	501681	92	visual_tabs	token	modules.source.css
2481	501681	501797	116	visual_tabs	token	modules.source.css
2482	501797	502162	365	visual_tabs	token	modules.source.css
2483	502162	502211	49	visual_tabs	token	modules.source.css
2484	502211	502266	55	visual_tabs	token	modules.source.css
2485	502266	502568	302	visual_tabs	token	modules.source.css
2486	502568	502653	85	visual_tabs	token	modules.source.css
2487	502653	503059	406	visual_tabs	token	modules.source.css
2488	503059	503597	538	visual_tabs	token	modules.source.css
2489	503597	503790	193	visual_tabs	token	modules.source.css
2490	503790	503950	160	visual_tabs	token	modules.source.css
2491	503950	504091	141	visual_tabs	token	modules.source.css
2492	504091	504250	159	visual_tabs	token	modules.source.css
2493	504250	504647	397	visual_tabs	token	modules.source.css
2494	504647	504706	59	visual_tabs	token	modules.source.css
2495	504706	504822	116	visual_tabs	token	modules.source.css
2496	504822	504882	60	visual_tabs	token	modules.source.css
2497	504882	504922	40	visual_tabs	token	modules.source.css
2498	504922	505005	83	visual_tabs	token	modules.source.css
2499	505005	505122	117	visual_tabs	token	modules.source.css
2500	505122	505216	94	visual_tabs	token	modules.source.css
2501	505216	505618	402	visual_tabs	token	modules.source.css
2502	505618	506059	441	visual_tabs	token	modules.source.css
2503	506059	506228	169	visual_tabs	token	modules.source.css
2504	506228	506300	72	visual_tabs	token	modules.source.css
2505	506300	506375	75	visual_tabs	token	modules.source.css
2506	506375	506462	87	visual_tabs	token	modules.source.css
2507	506462	506527	65	visual_tabs	token	modules.source.css
2508	506527	506594	67	visual_tabs	token	modules.source.css
2509	506594	507269	675	visual_tabs	token	modules.source.css
2510	507269	507709	440	visual_tabs	token	modules.source.css
2511	507709	507996	287	visual_tabs	token	modules.source.css
2512	507996	508152	156	visual_tabs	token	modules.source.css
2513	508152	508328	176	visual_tabs	token	modules.source.css
2514	508328	508431	103	visual_tabs	token	modules.source.css
2515	508431	508594	163	visual_tabs	token	modules.source.css
2516	508594	508750	156	visual_tabs	token	modules.source.css
2517	508750	509188	438	visual_tabs	token	modules.source.css
2518	509188	509553	365	visual_tabs	token	modules.source.css
2519	509553	509649	96	visual_tabs	token	modules.source.css
2520	509649	509839	190	visual_tabs	token	modules.source.css
2521	509839	510199	360	visual_tabs	token	modules.source.css
2522	510199	510477	278	footer_suite	root	modules.source.css
2523	510477	510553	76	footer_suite	root	modules.source.css
2524	510553	510624	71	footer_suite	root	modules.source.css
2525	510624	510727	103	footer_suite	root	modules.source.css
2526	510727	510817	90	footer_suite	root	modules.source.css
2527	510817	510904	87	footer_suite	root	modules.source.css
2528	510904	511217	313	footer_suite	root	modules.source.css
2529	511217	511505	288	footer_suite	root	modules.source.css
2530	511505	511623	118	footer_suite	root	modules.source.css
2531	511623	511761	138	footer_suite	root	modules.source.css
2532	511761	511814	53	footer_suite	root	modules.source.css
2533	511814	511996	182	footer_suite	root	modules.source.css
2534	511996	512174	178	footer_suite	root	modules.source.css
2535	512174	512369	195	footer_suite	root	modules.source.css
2536	512369	512560	191	footer_suite	root	modules.source.css
2537	512560	512642	82	footer_suite	root	modules.source.css
2538	512642	512717	75	footer_suite	root	modules.source.css
2539	512717	512892	175	footer_suite	root	modules.source.css
2540	512892	512976	84	footer_suite	root	modules.source.css
2541	512976	513129	153	footer_suite	root	modules.source.css
2542	513129	513360	231	footer_suite	root	modules.source.css
2543	513360	513443	83	footer_suite	root	modules.source.css
2544	513443	513611	168	footer_suite	root	modules.source.css
2545	513611	513925	314	footer_suite	root	modules.source.css
2546	513925	514141	216	footer_suite	root	modules.source.css
2547	514141	514244	103	footer_suite	root	modules.source.css
2548	514244	514338	94	footer_suite	root	modules.source.css
2549	514338	514494	156	footer_suite	root	modules.source.css
2550	514494	514629	135	footer_suite	root	modules.source.css
2551	514629	514939	310	footer_suite	root	modules.source.css
2552	514939	515046	107	footer_suite	root	modules.source.css
2553	515046	515196	150	footer_suite	root	modules.source.css
2554	515196	515463	267	footer_suite	root	modules.source.css
2555	515463	515580	117	footer_suite	root	modules.source.css
2556	515580	515737	157	footer_suite	root	modules.source.css
2557	515737	515907	170	footer_suite	root	modules.source.css
2558	515907	516253	346	footer_suite	root	modules.source.css
2559	516253	516420	167	footer_suite	root	modules.source.css
2560	516420	516553	133	footer_suite	root	modules.source.css
2561	516553	516703	150	footer_suite	root	modules.source.css
2562	516703	517004	301	footer_suite	root	modules.source.css
2563	517004	517285	281	footer_suite	root	modules.source.css
2564	517285	517471	186	footer_suite	root	modules.source.css
2565	517471	517605	134	footer_suite	root	modules.source.css
2566	517605	517688	83	footer_suite	root	modules.source.css
2567	517688	517930	242	footer_suite	root	modules.source.css
2568	517930	518918	988	footer_suite	root	modules.source.css
2569	518918	520371	1453	_shared	root-ambiguous	modules.source.css
2570	520371	520796	425	features	root	modules.source.css
2571	520796	521134	338	features_list	root	modules.source.css
2572	521134	521460	326	services	root	modules.source.css
2573	521460	521596	136	service_cards	root	modules.source.css
2574	521596	521912	316	faq	root	modules.source.css
2575	521912	522248	336	process	root	modules.source.css
2576	522248	522918	670	_shared	root-ambiguous	modules.source.css
2577	522918	523699	781	_shared	root-ambiguous	modules.source.css
2578	523699	523922	223	features	root	modules.source.css
2579	523922	524146	224	features_list	root	modules.source.css
2580	524146	524358	212	services	root	modules.source.css
2581	524358	524560	202	faq	root	modules.source.css
2582	524560	524782	222	process	root	modules.source.css
2583	524782	525514	732	contact	root	modules.source.css
2584	525514	526274	760	contact	root	modules.source.css
2585	526274	526638	364	contact	root	modules.source.css
2586	526638	527618	980	_shared	root-ambiguous	modules.source.css
2587	527618	528165	547	contact	root	modules.source.css
2588	528165	528260	95	pricing	root	modules.source.css
2589	528260	528349	89	news	root	modules.source.css
2590	528349	528641	292	cta	root	modules.source.css
2591	528641	528973	332	products	token	modules.source.css
2592	528973	529378	405	category_tabs	root	modules.source.css
2593	529378	529639	261	blog	root	modules.source.css
2594	529639	530424	785	_shared	root-ambiguous	modules.source.css
2595	530424	530802	378	contact	root	modules.source.css
2596	530802	530909	107	pricing	root	modules.source.css
2597	530909	531010	101	news	root	modules.source.css
2598	531010	531364	354	cta	root	modules.source.css
2599	531364	531758	394	products	token	modules.source.css
2600	531758	532219	461	category_tabs	root	modules.source.css
2601	532219	532522	303	blog	root	modules.source.css
2602	532522	532744	222	author_matrix	root	modules.source.css
2603	532744	532826	82	author_matrix	root	modules.source.css
2604	532826	532915	89	blog	root	modules.source.css
2605	532915	533016	101	blog	root	modules.source.css
2606	533016	533126	110	category_tabs	root	modules.source.css
2607	533126	533248	122	category_tabs	root	modules.source.css
2608	533248	533377	129	certificate_honors	root	modules.source.css
2609	533377	533466	89	certificate_honors	root	modules.source.css
2610	533466	533549	83	cta	root	modules.source.css
2611	533549	533644	95	cta	root	modules.source.css
2612	533644	533723	79	downloads	root	modules.source.css
2613	533723	533814	91	downloads	root	modules.source.css
2614	533814	533912	98	image_text	root	modules.source.css
2615	533912	534022	110	image_text	root	modules.source.css
2616	534022	534103	81	lookbook	root	modules.source.css
2617	534103	534196	93	lookbook	root	modules.source.css
2618	534196	534324	128	products	token	modules.source.css
2619	534324	534464	140	products	token	modules.source.css
2620	534464	534545	81	promotion	token	modules.source.css
2621	534545	534638	93	promotion	token	modules.source.css
2622	534638	534724	86	room-showcase	root	modules.source.css
2623	534724	534822	98	room-showcase	root	modules.source.css
2624	534822	534901	79	software_carousel	root	modules.source.css
2625	534901	534992	91	software_carousel	root	modules.source.css
2626	534992	535086	94	software_category	root	modules.source.css
2627	535086	535192	106	software_category	root	modules.source.css
2628	535192	535270	78	software_ranking	root	modules.source.css
2629	535270	535360	90	software_ranking	root	modules.source.css
2630	535360	535453	93	ticket-showcase	root	modules.source.css
2631	535453	535558	105	ticket-showcase	root	modules.source.css
2632	535558	535632	74	compliance_trust	root	modules.source.css
2633	535632	535718	86	compliance_trust	root	modules.source.css
2634	535718	535798	80	countdown	root	modules.source.css
2635	535798	535890	92	countdown	root	modules.source.css
2636	535890	535976	86	qiling_main_category_content	token	modules.source.css
2637	535976	536074	98	qiling_main_category_content	token	modules.source.css
2638	536074	536183	109	qiling_universal_recommend	root	modules.source.css
2639	536183	536304	121	qiling_universal_recommend	root	modules.source.css
2640	536304	536388	84	work_detail	root	modules.source.css
2641	536388	536484	96	work_detail	root	modules.source.css
2642	536484	536583	99	magic_layout	root	modules.source.css
2643	536583	536694	111	magic_layout	root	modules.source.css
2644	536694	537072	378	_shared	root-ambiguous	modules.source.css
2645	537072	537656	584	_shared	root-ambiguous	modules.source.css
2646	537656	538670	1014	_shared	root-ambiguous	modules.source.css
2647	538670	538931	261	category_tabs	root	modules.source.css
2648	538931	539145	214	_shared	root-ambiguous	modules.source.css
2649	539145	539360	215	_shared	root-ambiguous	modules.source.css
2650	539360	539511	151	branches	root	modules.source.css
2651	539511	539722	211	_shared	root-ambiguous	modules.source.css
2652	539722	541134	1412	_shared	root-ambiguous	modules.source.css
2653	541134	541892	758	_shared	root-ambiguous	modules.source.css
2654	541892	542822	930	contact	root	modules.source.css
2655	542822	542977	155	compliance_trust	root	modules.source.css
2656	542977	543120	143	compliance_trust	root	modules.source.css
2657	543120	543200	80	compliance_trust	root	modules.source.css
2658	543200	543287	87	compliance_trust	root	modules.source.css
2659	543287	543441	154	compliance_trust	root	modules.source.css
2660	543441	543615	174	compliance_trust	root	modules.source.css
2661	543615	543988	373	compliance_trust	root	modules.source.css
2662	543988	544255	267	compliance_trust	root	modules.source.css
2663	544255	544381	126	compliance_trust	root	modules.source.css
2664	544381	544507	126	compliance_trust	root	modules.source.css
2665	544507	544633	126	compliance_trust	root	modules.source.css
2666	544633	544722	89	compliance_trust	root	modules.source.css
2667	544722	544809	87	compliance_trust	root	modules.source.css
2668	544809	545322	513	compliance_trust	root	modules.source.css
2669	545322	545516	194	compliance_trust	root	modules.source.css
2670	545516	545827	311	compliance_trust	root	modules.source.css
2671	545827	545946	119	compliance_trust	root	modules.source.css
2672	545946	546303	357	compliance_trust	root	modules.source.css
2673	546303	546400	97	compliance_trust	root	modules.source.css
2674	546400	546559	159	compliance_trust	root	modules.source.css
2675	546559	546630	71	compliance_trust	root	modules.source.css
2676	546630	546777	147	compliance_trust	root	modules.source.css
2677	546777	546974	197	compliance_trust	root	modules.source.css
2678	546974	547388	414	compliance_trust	root	modules.source.css
2679	547388	547527	139	compliance_trust	root	modules.source.css
2680	547527	547668	141	compliance_trust	root	modules.source.css
2681	547668	547803	135	compliance_trust	root	modules.source.css
2682	547803	547939	136	compliance_trust	root	modules.source.css
2683	547939	548026	87	compliance_trust	root	modules.source.css
2684	548026	548333	307	compliance_trust	root	modules.source.css
2685	548333	548478	145	compliance_trust	root	modules.source.css
2686	548478	548623	145	compliance_trust	root	modules.source.css
2687	548623	548730	107	compliance_trust	root	modules.source.css
2688	548730	548865	135	compliance_trust	root	modules.source.css
2689	548865	549019	154	compliance_trust	root	modules.source.css
2690	549019	549269	250	compliance_trust	root	modules.source.css
2691	549269	549831	562	compliance_trust	root	modules.source.css
2692	549831	550171	340	compliance_trust	root	modules.source.css
2693	550171	550275	104	countdown	root	modules.source.css
2694	550275	550361	86	countdown	root	modules.source.css
2695	550361	550614	253	countdown	root	modules.source.css
2696	550614	550804	190	countdown	root	modules.source.css
2697	550804	550998	194	countdown	root	modules.source.css
2698	550998	551243	245	countdown	root	modules.source.css
2699	551243	551394	151	countdown	root	modules.source.css
2700	551394	551483	89	qiling_image_guide	root	modules.source.css
2701	551483	551715	232	qiling_image_guide	root	modules.source.css
2702	551715	551910	195	qiling_image_guide	root	modules.source.css
2703	551910	552130	220	qiling_image_guide	root	modules.source.css
2704	552130	552219	89	qiling_image_guide	root	modules.source.css
2705	552219	552457	238	qiling_image_guide	root	modules.source.css
2706	552457	552642	185	qiling_main_category_content	token	modules.source.css
2707	552642	552856	214	qiling_main_category_content	token	modules.source.css
2708	552856	553014	158	qiling_main_category_content	token	modules.source.css
2709	553014	553370	356	qiling_main_category_content	token	modules.source.css
2710	553370	553683	313	qiling_main_category_content	token	modules.source.css
2711	553683	553820	137	qiling_main_category_content	token	modules.source.css
2712	553820	553899	79	qiling_main_category_content	token	modules.source.css
2713	553899	553996	97	qiling_main_category_content	token	modules.source.css
2714	553996	554070	74	qiling_main_category_content	token	modules.source.css
2715	554070	554415	345	qiling_shop_showcase	root	modules.source.css
2716	554415	554566	151	qiling_shop_showcase	root	modules.source.css
2717	554566	554742	176	qiling_shop_showcase	root	modules.source.css
2718	554742	555109	367	qiling_shop_showcase	root	modules.source.css
2719	555109	555348	239	qiling_shop_showcase	root	modules.source.css
2720	555348	555467	119	qiling_shop_showcase	root	modules.source.css
2721	555467	555531	64	qiling_shop_showcase	root	modules.source.css
2722	555531	555968	437	qiling_universal_recommend	root	modules.source.css
2723	555968	556199	231	qiling_universal_recommend	root	modules.source.css
2724	556199	556369	170	qiling_universal_recommend	root	modules.source.css
2725	556369	556881	512	qiling_universal_recommend	root	modules.source.css
2726	556881	557251	370	qiling_universal_recommend	root	modules.source.css
2727	557251	557447	196	work_detail	root	modules.source.css
2728	557447	557820	373	work_detail	root	modules.source.css
2729	557820	557899	79	work_detail	root	modules.source.css
2730	557899	557980	81	work_detail	root	modules.source.css
2731	557980	558227	247	work_detail	root	modules.source.css
2732	558227	558380	153	work_detail	root	modules.source.css
2733	558380	558524	144	work_detail	root	modules.source.css
2734	558524	558904	380	magic_layout	root	modules.source.css
2735	558904	559007	103	magic_layout	root	modules.source.css
2736	559007	559206	199	magic_layout	root	modules.source.css
2737	559206	559321	115	magic_layout	root	modules.source.css
2738	559321	559434	113	magic_layout	root	modules.source.css
2739	559434	559676	242	magic_layout	root	modules.source.css
2740	559676	559817	141	magic_layout	root	modules.source.css
2741	559817	559943	126	magic_layout	root	modules.source.css
2742	559943	560018	75	magic_layout	root	modules.source.css
2743	560018	560167	149	magic_layout	root	modules.source.css
2744	560167	560355	188	magic_layout	root	modules.source.css
2745	560355	560685	330	footer_suite	root	modules.source.css
2746	560685	560848	163	footer_suite	root	modules.source.css
2747	560848	561138	290	footer_suite	root	modules.source.css
2748	561138	562538	1400	_shared	root-ambiguous	modules.source.css
2749	562538	562789	251	_shared	root-ambiguous	modules.source.css
2750	562789	563238	449	_shared	root-ambiguous	modules.source.css
2751	563238	563473	235	compliance_trust	root	modules.source.css
2752	563473	564046	573	_shared	root-ambiguous	modules.source.css
2753	564046	564977	931	_shared	root-ambiguous	modules.source.css
2754	564977	565589	612	_shared	root-ambiguous	modules.source.css
2755	565589	566153	564	_shared	root-ambiguous	modules.source.css
2756	566153	566518	365	_shared	root-ambiguous	modules.source.css
2757	566518	566892	374	_shared	root-ambiguous	modules.source.css
2758	566892	567184	292	_shared	root-ambiguous	modules.source.css
2759	567184	567462	278	_shared	root-ambiguous	modules.source.css
2760	567462	567615	153	qiling_image_guide	root	modules.source.css
2761	567615	567792	177	qiling_shop_showcase	root	modules.source.css
2762	567792	567907	115	work_detail	root	modules.source.css
2763	567907	568048	141	magic_layout	root	modules.source.css
2764	568048	568212	164	magic_layout	root	modules.source.css
2765	568212	568323	111	footer_suite	root	modules.source.css
2766	568323	568486	163	footer_suite	root	modules.source.css
2767	568486	569038	552	_shared	root-ambiguous	modules.source.css
2768	569038	569217	179	countdown	root	modules.source.css
2769	569217	569406	189	qiling_image_guide	root	modules.source.css
2770	569406	569804	398	_shared	root-ambiguous	modules.source.css
2771	569804	570463	659	_shared	root-ambiguous	modules.source.css
2772	570463	570621	158	qiling_video_ranking	token	modules.source.css
2773	570621	570785	164	qiling_video_ranking	token	modules.source.css
2774	570785	570907	122	qiling_video_ranking	token	modules.source.css
2775	570907	570996	89	qiling_video_ranking	token	modules.source.css
2776	570996	571181	185	qiling_video_ranking	token	modules.source.css
2777	571181	571369	188	qiling_video_ranking	token	modules.source.css
2778	571369	571419	50	qiling_video_ranking	token	modules.source.css
2779	571419	571678	259	qiling_video_ranking	token	modules.source.css
2780	571678	571827	149	qiling_video_ranking	token	modules.source.css
2781	571827	571867	40	qiling_video_ranking	token	modules.source.css
2782	571867	572027	160	qiling_video_ranking	token	modules.source.css
2783	572027	572089	62	qiling_video_ranking	token	modules.source.css
2784	572089	572330	241	qiling_video_ranking	token	modules.source.css
2785	572330	572485	155	qiling_video_ranking	token	modules.source.css
2786	572485	572692	207	qiling_video_ranking	token	modules.source.css
2787	572692	572860	168	qiling_video_ranking	token	modules.source.css
2788	572860	572904	44	qiling_video_ranking	token	modules.source.css
2789	572904	572948	44	qiling_video_ranking	token	modules.source.css
2790	572948	572992	44	qiling_video_ranking	token	modules.source.css
2791	572992	573302	310	qiling_video_ranking	token	modules.source.css
2792	573302	573374	72	qiling_video_ranking	token	modules.source.css
2793	573374	573438	64	qiling_video_ranking	token	modules.source.css
2794	573438	573630	192	qiling_video_ranking	token	modules.source.css
2795	573630	573826	196	qiling_video_ranking	token	modules.source.css
2796	573826	573945	119	qiling_video_ranking	token	modules.source.css
2797	573945	574065	120	qiling_video_ranking	token	modules.source.css
2798	574065	574109	44	qiling_video_ranking	token	modules.source.css
2799	574109	574187	78	qiling_video_ranking	token	modules.source.css
2800	574187	574248	61	qiling_video_ranking	token	modules.source.css
2801	574248	574363	115	qiling_video_ranking	token	modules.source.css
2802	574363	574659	296	qiling_video_ranking	token	modules.source.css
2803	574659	574727	68	qiling_video_ranking	token	modules.source.css
2804	574727	574784	57	qiling_video_ranking	token	modules.source.css
2805	574784	574911	127	qiling_video_ranking	token	modules.source.css
2806	574911	575049	138	qiling_video_ranking	token	modules.source.css
2807	575049	575334	285	qiling_video_ranking	token	modules.source.css
2808	575334	575420	86	qiling_video_ranking	token	modules.source.css
2809	575420	575521	101	qiling_video_ranking	token	modules.source.css
2810	575521	575607	86	qiling_video_ranking	token	modules.source.css
2811	575607	575873	266	qiling_video_ranking	token	modules.source.css
2812	575873	575942	69	qiling_video_ranking	token	modules.source.css
2813	575942	576042	100	qiling_video_ranking	token	modules.source.css
2814	576042	576106	64	qiling_video_ranking	token	modules.source.css
2815	576106	576216	110	qiling_video_ranking	token	modules.source.css
2816	576216	576337	121	qiling_video_ranking	token	modules.source.css
2817	576337	576558	221	qiling_video_ranking	token	modules.source.css
2818	576558	576658	100	qiling_video_ranking	token	modules.source.css
2819	576658	576907	249	qiling_video_ranking	token	modules.source.css
2820	576907	577859	952	qiling_video_ranking	token	modules.source.css
2821	577859	578168	309	qiling_main_category_content	token	modules.source.css
2822	578168	578260	92	qiling_main_category_content	token	modules.source.css
2823	578260	578668	408	footer_suite	root	modules.source.css
2824	578668	578912	244	footer_suite	root	modules.source.css
2825	578912	579003	91	footer_suite	root	modules.source.css
2826	579003	579190	187	footer_suite	root	modules.source.css
2827	579190	579431	241	footer_suite	root	modules.source.css
2828	579431	579511	80	footer_suite	root	modules.source.css
2829	579511	579620	109	footer_suite	root	modules.source.css
2830	579620	579822	202	footer_suite	root	modules.source.css
2831	579822	580029	207	footer_suite	root	modules.source.css
2832	580029	580233	204	footer_suite	root	modules.source.css
2833	580233	580432	199	footer_suite	root	modules.source.css
2834	580432	580631	199	footer_suite	root	modules.source.css
2835	580631	580847	216	footer_suite	section-fallback	modules.source.css
2836	580847	580921	74	footer_suite	section-fallback	modules.source.css
2837	580921	581058	137	footer_suite	root	modules.source.css
2838	581058	581565	507	footer_suite	root	modules.source.css
2839	581565	581702	137	qiling_video_ranking	token	modules.source.css
2840	581702	581772	70	qiling_video_ranking	token	modules.source.css
2841	581772	581914	142	qiling_video_ranking	token	modules.source.css
2842	581914	582262	348	qiling_video_ranking	token	modules.source.css
2843	582262	582384	122	qiling_video_ranking	token	modules.source.css
2844	582384	582459	75	footer_suite	root	modules.source.css
2845	582459	582670	211	footer_suite	root	modules.source.css
2846	582670	583003	333	footer_suite	root	modules.source.css
2847	583003	583270	267	footer_suite	root	modules.source.css
2848	583270	583501	231	footer_suite	root	modules.source.css
2849	583501	583591	90	footer_suite	root	modules.source.css
2850	583591	583669	78	footer_suite	root	modules.source.css
2851	583669	583859	190	footer_suite	root	modules.source.css
2852	583859	583938	79	footer_suite	root	modules.source.css
2853	583938	584036	98	footer_suite	root	modules.source.css
2854	584036	584127	91	footer_suite	root	modules.source.css
2855	584127	584369	242	footer_suite	root	modules.source.css
2856	584369	584831	462	footer_suite	root	modules.source.css
2857	584831	585400	569	qiling_video_ranking	token	modules.source.css
2858	585400	585643	243	qiling_video_ranking	token	modules.source.css
2859	585643	586159	516	qiling_video_ranking	token	modules.source.css
2860	586159	586404	245	qiling_video_ranking	token	modules.source.css
2861	586404	586551	147	footer_suite	root	modules.source.css
2862	586551	586681	130	author_matrix	root	modules.source.css
2863	586681	586763	82	author_matrix	root	modules.source.css
2864	586763	586852	89	blog	root	modules.source.css
2865	586852	586953	101	blog	root	modules.source.css
2866	586953	587063	110	category_tabs	root	modules.source.css
2867	587063	587185	122	category_tabs	root	modules.source.css
2868	587185	587314	129	certificate_honors	root	modules.source.css
2869	587314	587403	89	certificate_honors	root	modules.source.css
2870	587403	587486	83	cta	root	modules.source.css
2871	587486	587581	95	cta	root	modules.source.css
2872	587581	587660	79	downloads	root	modules.source.css
2873	587660	587751	91	downloads	root	modules.source.css
2874	587751	587849	98	image_text	root	modules.source.css
2875	587849	587959	110	image_text	root	modules.source.css
2876	587959	588040	81	lookbook	root	modules.source.css
2877	588040	588133	93	lookbook	root	modules.source.css
2878	588133	588250	117	products	token	modules.source.css
2879	588250	588379	129	products	token	modules.source.css
2880	588379	588460	81	promotion	token	modules.source.css
2881	588460	588553	93	promotion	token	modules.source.css
2882	588553	588639	86	room-showcase	root	modules.source.css
2883	588639	588737	98	room-showcase	root	modules.source.css
2884	588737	588816	79	software_carousel	root	modules.source.css
2885	588816	588907	91	software_carousel	root	modules.source.css
2886	588907	589001	94	software_category	root	modules.source.css
2887	589001	589107	106	software_category	root	modules.source.css
2888	589107	589185	78	software_ranking	root	modules.source.css
2889	589185	589275	90	software_ranking	root	modules.source.css
2890	589275	589368	93	ticket-showcase	root	modules.source.css
2891	589368	589473	105	ticket-showcase	root	modules.source.css
2892	589473	589547	74	compliance_trust	root	modules.source.css
2893	589547	589633	86	compliance_trust	root	modules.source.css
2894	589633	589713	80	countdown	root	modules.source.css
2895	589713	589805	92	countdown	root	modules.source.css
2896	589805	589891	86	qiling_main_category_content	token	modules.source.css
2897	589891	589989	98	qiling_main_category_content	token	modules.source.css
2898	589989	590098	109	qiling_universal_recommend	root	modules.source.css
2899	590098	590219	121	qiling_universal_recommend	root	modules.source.css
2900	590219	590303	84	work_detail	root	modules.source.css
2901	590303	590399	96	work_detail	root	modules.source.css
2902	590399	590498	99	magic_layout	root	modules.source.css
2903	590498	590609	111	magic_layout	root	modules.source.css
2904	590609	590610	1	magic_layout	section-fallback	modules.source.css
hero-0	0	164	164	app_hero	root	modules-hero.source.css
hero-1	164	314	150	brand_banner_pro	root	modules-hero.source.css
hero-2	314	417	103	brand_banner_pro	root	modules-hero.source.css
hero-3	417	504	87	dynamic_banner	root	modules-hero.source.css
hero-4	504	657	153	dynamic_banner	root	modules-hero.source.css
hero-5	657	739	82	hero_search	root	modules-hero.source.css
hero-6	739	833	94	hero_search	root	modules-hero.source.css
hero-7	833	917	84	resume_hero	root	modules-hero.source.css
hero-8	917	1013	96	resume_hero	root	modules-hero.source.css
hero-9	1013	1102	89	interact_hero	root	modules-hero.source.css
hero-10	1102	1203	101	interact_hero	root	modules-hero.source.css
hero-11	1203	1291	88	qiling_video_portal_hero	token	modules-hero.source.css
hero-12	1291	1391	100	qiling_video_portal_hero	token	modules-hero.source.css
hero-13	1391	1517	126	app_hero	root	modules-hero.source.css
hero-14	1517	1586	69	app_hero	root	modules-hero.source.css
hero-15	1586	1742	156	app_hero	token	modules-hero.source.css
hero-16	1742	1830	88	app_hero	token	modules-hero.source.css
hero-17	1830	2169	339	app_hero	token	modules-hero.source.css
hero-18	2169	2363	194	app_hero	token	modules-hero.source.css
hero-19	2363	2532	169	app_hero	token	modules-hero.source.css
hero-20	2532	3167	635	app_hero	token	modules-hero.source.css
hero-21	3167	3283	116	app_hero	token	modules-hero.source.css
hero-22	3283	3387	104	app_hero	token	modules-hero.source.css
hero-23	3387	3494	107	app_hero	token	modules-hero.source.css
hero-24	3494	3539	45	app_hero	token	modules-hero.source.css
hero-25	3539	3637	98	app_hero	token	modules-hero.source.css
hero-26	3637	3797	160	app_hero	token	modules-hero.source.css
hero-27	3797	3940	143	app_hero	token	modules-hero.source.css
hero-28	3940	4212	272	app_hero	token	modules-hero.source.css
hero-29	4212	4422	210	app_hero	token	modules-hero.source.css
hero-30	4422	4617	195	app_hero	token	modules-hero.source.css
hero-31	4617	4876	259	app_hero	token	modules-hero.source.css
hero-32	4876	5081	205	app_hero	token	modules-hero.source.css
hero-33	5081	5315	234	app_hero	token	modules-hero.source.css
hero-34	5315	5925	610	app_hero	token	modules-hero.source.css
hero-35	5925	6042	117	app_hero	token	modules-hero.source.css
hero-36	6042	6441	399	app_hero	token	modules-hero.source.css
hero-37	6441	6503	62	app_hero	token	modules-hero.source.css
hero-38	6503	6704	201	app_hero	token	modules-hero.source.css
hero-39	6704	6921	217	app_hero	token	modules-hero.source.css
hero-40	6921	7025	104	app_hero	token	modules-hero.source.css
hero-41	7025	7270	245	app_hero	token	modules-hero.source.css
hero-42	7270	7341	71	app_hero	token	modules-hero.source.css
hero-43	7341	7497	156	app_hero	token	modules-hero.source.css
hero-44	7497	7640	143	app_hero	token	modules-hero.source.css
hero-45	7640	8024	384	app_hero	token	modules-hero.source.css
hero-46	8024	8538	514	app_hero	token	modules-hero.source.css
hero-47	8538	8600	62	app_hero	token	modules-hero.source.css
hero-48	8600	8876	276	app_hero	token	modules-hero.source.css
hero-49	8876	9113	237	app_hero	token	modules-hero.source.css
hero-50	9113	9289	176	app_hero	section-fallback	modules-hero.source.css
hero-51	9289	9834	545	app_hero	token	modules-hero.source.css
hero-52	9834	10210	376	app_hero	token	modules-hero.source.css
hero-53	10210	10584	374	app_hero	root	modules-hero.source.css
hero-54	10584	11396	812	app_hero	root	modules-hero.source.css
hero-55	11396	11667	271	app_hero	root	modules-hero.source.css
hero-56	11667	11854	187	app_hero	root	modules-hero.source.css
hero-57	11854	11963	109	app_hero	root	modules-hero.source.css
hero-58	11963	12157	194	app_hero	root	modules-hero.source.css
hero-59	12157	12368	211	app_hero	root	modules-hero.source.css
hero-60	12368	12486	118	app_hero	root	modules-hero.source.css
hero-61	12486	12587	101	app_hero	root	modules-hero.source.css
hero-62	12587	12777	190	app_hero	root	modules-hero.source.css
hero-63	12777	12967	190	app_hero	root	modules-hero.source.css
hero-64	12967	13070	103	app_hero	root	modules-hero.source.css
hero-65	13070	13177	107	app_hero	root	modules-hero.source.css
hero-66	13177	13342	165	app_hero	section-fallback	modules-hero.source.css
hero-67	13342	13492	150	app_hero	section-fallback	modules-hero.source.css
hero-68	13492	14332	840	app_hero	root	modules-hero.source.css
hero-69	14332	14537	205	app_hero	root	modules-hero.source.css
hero-70	14537	14788	251	app_hero	root	modules-hero.source.css
hero-71	14788	15103	315	app_hero	root	modules-hero.source.css
hero-72	15103	15205	102	app_hero	root	modules-hero.source.css
hero-73	15205	15321	116	app_hero	root	modules-hero.source.css
hero-74	15321	15476	155	banner	hero-banner-special	modules-hero.source.css
hero-75	15476	15547	71	banner	hero-banner-special	modules-hero.source.css
hero-76	15547	15621	74	banner	hero-banner-special	modules-hero.source.css
hero-77	15621	15695	74	banner	hero-banner-special	modules-hero.source.css
hero-78	15695	15831	136	banner	hero-banner-special	modules-hero.source.css
hero-79	15831	15953	122	banner	token	modules-hero.source.css
hero-80	15953	16709	756	brand_banner_pro	root	modules-hero.source.css
hero-81	16709	16984	275	brand_banner_pro	root	modules-hero.source.css
hero-82	16984	17181	197	brand_banner_pro	root	modules-hero.source.css
hero-83	17181	17448	267	brand_banner_pro	root	modules-hero.source.css
hero-84	17448	17611	163	brand_banner_pro	root	modules-hero.source.css
hero-85	17611	17953	342	brand_banner_pro	root	modules-hero.source.css
hero-86	17953	18021	68	brand_banner_pro	root	modules-hero.source.css
hero-87	18021	18158	137	brand_banner_pro	root	modules-hero.source.css
hero-88	18158	18328	170	brand_banner_pro	root	modules-hero.source.css
hero-89	18328	18470	142	brand_banner_pro	root	modules-hero.source.css
hero-90	18470	18721	251	brand_banner_pro	root	modules-hero.source.css
hero-91	18721	18957	236	brand_banner_pro	root	modules-hero.source.css
hero-92	18957	19145	188	brand_banner_pro	root	modules-hero.source.css
hero-93	19145	19416	271	brand_banner_pro	root	modules-hero.source.css
hero-94	19416	19680	264	brand_banner_pro	root	modules-hero.source.css
hero-95	19680	19828	148	brand_banner_pro	root	modules-hero.source.css
hero-96	19828	20216	388	brand_banner_pro	root	modules-hero.source.css
hero-97	20216	20375	159	brand_banner_pro	root	modules-hero.source.css
hero-98	20375	20743	368	brand_banner_pro	root	modules-hero.source.css
hero-99	20743	21277	534	brand_banner_pro	root	modules-hero.source.css
hero-100	21277	21559	282	brand_banner_pro	root	modules-hero.source.css
hero-101	21559	22001	442	brand_banner_pro	root	modules-hero.source.css
hero-102	22001	22213	212	brand_banner_pro	root	modules-hero.source.css
hero-103	22213	22352	139	brand_banner_pro	root	modules-hero.source.css
hero-104	22352	22456	104	brand_banner_pro	root	modules-hero.source.css
hero-105	22456	22810	354	brand_banner_pro	root	modules-hero.source.css
hero-106	22810	22978	168	brand_banner_pro	root	modules-hero.source.css
hero-107	22978	23060	82	brand_banner_pro	root	modules-hero.source.css
hero-108	23060	23187	127	brand_banner_pro	root	modules-hero.source.css
hero-109	23187	23316	129	brand_banner_pro	root	modules-hero.source.css
hero-110	23316	23505	189	brand_banner_pro	root	modules-hero.source.css
hero-111	23505	23955	450	brand_banner_pro	root	modules-hero.source.css
hero-112	23955	24072	117	brand_banner_pro	root	modules-hero.source.css
hero-113	24072	24271	199	brand_banner_pro	root	modules-hero.source.css
hero-114	24271	24389	118	brand_banner_pro	root	modules-hero.source.css
hero-115	24389	24536	147	brand_banner_pro	root	modules-hero.source.css
hero-116	24536	24862	326	brand_banner_pro	root	modules-hero.source.css
hero-117	24862	25043	181	brand_banner_pro	root	modules-hero.source.css
hero-118	25043	25404	361	brand_banner_pro	root	modules-hero.source.css
hero-119	25404	25641	237	brand_banner_pro	root	modules-hero.source.css
hero-120	25641	25911	270	brand_banner_pro	root	modules-hero.source.css
hero-121	25911	26028	117	brand_banner_pro	root	modules-hero.source.css
hero-122	26028	26147	119	brand_banner_pro	root	modules-hero.source.css
hero-123	26147	26426	279	brand_banner_pro	root	modules-hero.source.css
hero-124	26426	26619	193	brand_banner_pro	root	modules-hero.source.css
hero-125	26619	26811	192	brand_banner_pro	root	modules-hero.source.css
hero-126	26811	27023	212	brand_banner_pro	root	modules-hero.source.css
hero-127	27023	27234	211	brand_banner_pro	root	modules-hero.source.css
hero-128	27234	27311	77	brand_banner_pro	root	modules-hero.source.css
hero-129	27311	27390	79	brand_banner_pro	root	modules-hero.source.css
hero-130	27390	27534	144	brand_banner_pro	root	modules-hero.source.css
hero-131	27534	27762	228	brand_banner_pro	root	modules-hero.source.css
hero-132	27762	28133	371	brand_banner_pro	root	modules-hero.source.css
hero-133	28133	28238	105	brand_banner_pro	root	modules-hero.source.css
hero-134	28238	28325	87	brand_banner_pro	root	modules-hero.source.css
hero-135	28325	28445	120	brand_banner_pro	root	modules-hero.source.css
hero-136	28445	28621	176	brand_banner_pro	root	modules-hero.source.css
hero-137	28621	28737	116	brand_banner_pro	root	modules-hero.source.css
hero-138	28737	29027	290	brand_banner_pro	root	modules-hero.source.css
hero-139	29027	29178	151	brand_banner_pro	root	modules-hero.source.css
hero-140	29178	29254	76	brand_banner_pro	root	modules-hero.source.css
hero-141	29254	29413	159	brand_banner_pro	root	modules-hero.source.css
hero-142	29413	29495	82	brand_banner_pro	root	modules-hero.source.css
hero-143	29495	29820	325	brand_banner_pro	root	modules-hero.source.css
hero-144	29820	30031	211	brand_banner_pro	root	modules-hero.source.css
hero-145	30031	30326	295	brand_banner_pro	root	modules-hero.source.css
hero-146	30326	30537	211	brand_banner_pro	root	modules-hero.source.css
hero-147	30537	30766	229	brand_banner_pro	root	modules-hero.source.css
hero-148	30766	31105	339	brand_banner_pro	root	modules-hero.source.css
hero-149	31105	31237	132	brand_banner_pro	root	modules-hero.source.css
hero-150	31237	31433	196	brand_banner_pro	root	modules-hero.source.css
hero-151	31433	31603	170	brand_banner_pro	root	modules-hero.source.css
hero-152	31603	31823	220	brand_banner_pro	root	modules-hero.source.css
hero-153	31823	32073	250	brand_banner_pro	root	modules-hero.source.css
hero-154	32073	32227	154	brand_banner_pro	root	modules-hero.source.css
hero-155	32227	32300	73	brand_banner_pro	root	modules-hero.source.css
hero-156	32300	32429	129	brand_banner_pro	root	modules-hero.source.css
hero-157	32429	32559	130	brand_banner_pro	root	modules-hero.source.css
hero-158	32559	32656	97	brand_banner_pro	root	modules-hero.source.css
hero-159	32656	32772	116	brand_banner_pro	root	modules-hero.source.css
hero-160	32772	32888	116	brand_banner_pro	root	modules-hero.source.css
hero-161	32888	33033	145	brand_banner_pro	section-fallback	modules-hero.source.css
hero-162	33033	33179	146	brand_banner_pro	section-fallback	modules-hero.source.css
hero-163	33179	33314	135	brand_banner_pro	section-fallback	modules-hero.source.css
hero-164	33314	33434	120	brand_banner_pro	section-fallback	modules-hero.source.css
hero-165	33434	33544	110	brand_banner_pro	section-fallback	modules-hero.source.css
hero-166	33544	33698	154	brand_banner_pro	section-fallback	modules-hero.source.css
hero-167	33698	33808	110	brand_banner_pro	section-fallback	modules-hero.source.css
hero-168	33808	33926	118	brand_banner_pro	section-fallback	modules-hero.source.css
hero-169	33926	34860	934	brand_banner_pro	root	modules-hero.source.css
hero-170	34860	35429	569	brand_banner_pro	root	modules-hero.source.css
hero-171	35429	35585	156	brand_banner_pro	root	modules-hero.source.css
hero-172	35585	35688	103	brand_banner_pro	root	modules-hero.source.css
hero-173	35688	35775	87	dynamic_banner	root	modules-hero.source.css
hero-174	35775	35928	153	dynamic_banner	root	modules-hero.source.css
hero-175	35928	36010	82	hero_search	root	modules-hero.source.css
hero-176	36010	36104	94	hero_search	root	modules-hero.source.css
hero-177	36104	36188	84	resume_hero	root	modules-hero.source.css
hero-178	36188	36284	96	resume_hero	root	modules-hero.source.css
hero-179	36284	36373	89	interact_hero	root	modules-hero.source.css
hero-180	36373	36474	101	interact_hero	root	modules-hero.source.css
hero-181	36474	36562	88	qiling_video_portal_hero	token	modules-hero.source.css
hero-182	36562	36662	100	qiling_video_portal_hero	token	modules-hero.source.css
hero-183	36662	36989	327	brand_banner_pro	root	modules-hero.source.css
hero-184	36989	38102	1113	dynamic_banner	root	modules-hero.source.css
hero-185	38102	38225	123	dynamic_banner	root	modules-hero.source.css
hero-186	38225	38397	172	dynamic_banner	root	modules-hero.source.css
hero-187	38397	38476	79	dynamic_banner	root	modules-hero.source.css
hero-188	38476	38789	313	dynamic_banner	root	modules-hero.source.css
hero-189	38789	38891	102	dynamic_banner	root	modules-hero.source.css
hero-190	38891	39092	201	dynamic_banner	root	modules-hero.source.css
hero-191	39092	39432	340	dynamic_banner	root	modules-hero.source.css
hero-192	39432	39636	204	dynamic_banner	root	modules-hero.source.css
hero-193	39636	39765	129	dynamic_banner	root	modules-hero.source.css
hero-194	39765	40222	457	dynamic_banner	root	modules-hero.source.css
hero-195	40222	40359	137	dynamic_banner	root	modules-hero.source.css
hero-196	40359	40645	286	dynamic_banner	root	modules-hero.source.css
hero-197	40645	41117	472	dynamic_banner	root	modules-hero.source.css
hero-198	41117	41417	300	dynamic_banner	root	modules-hero.source.css
hero-199	41417	41911	494	dynamic_banner	root	modules-hero.source.css
hero-200	41911	42126	215	dynamic_banner	root	modules-hero.source.css
hero-201	42126	42231	105	dynamic_banner	root	modules-hero.source.css
hero-202	42231	42410	179	dynamic_banner	root	modules-hero.source.css
hero-203	42410	42531	121	dynamic_banner	root	modules-hero.source.css
hero-204	42531	42816	285	dynamic_banner	root	modules-hero.source.css
hero-205	42816	42901	85	dynamic_banner	root	modules-hero.source.css
hero-206	42901	43008	107	dynamic_banner	root	modules-hero.source.css
hero-207	43008	43118	110	dynamic_banner	root	modules-hero.source.css
hero-208	43118	43226	108	dynamic_banner	root	modules-hero.source.css
hero-209	43226	43831	605	dynamic_banner	root	modules-hero.source.css
hero-210	43831	44147	316	dynamic_banner	root	modules-hero.source.css
hero-211	44147	44345	198	dynamic_banner	root	modules-hero.source.css
hero-212	44345	44683	338	dynamic_banner	root	modules-hero.source.css
hero-213	44683	44836	153	dynamic_banner	root	modules-hero.source.css
hero-214	44836	44988	152	dynamic_banner	root	modules-hero.source.css
hero-215	44988	45075	87	dynamic_banner	section-fallback	modules-hero.source.css
hero-216	45075	45194	119	dynamic_banner	section-fallback	modules-hero.source.css
hero-217	45194	45528	334	dynamic_banner	section-fallback	modules-hero.source.css
hero-218	45528	45683	155	dynamic_banner	section-fallback	modules-hero.source.css
hero-219	45683	45769	86	dynamic_banner	root	modules-hero.source.css
hero-220	45769	45843	74	dynamic_banner	root	modules-hero.source.css
hero-221	45843	45929	86	dynamic_banner	root	modules-hero.source.css
hero-222	45929	46226	297	dynamic_banner	root	modules-hero.source.css
hero-223	46226	46498	272	dynamic_banner	root	modules-hero.source.css
hero-224	46498	46667	169	dynamic_banner	root	modules-hero.source.css
hero-225	46667	46761	94	dynamic_banner	root	modules-hero.source.css
hero-226	46761	46872	111	dynamic_banner	root	modules-hero.source.css
hero-227	46872	46987	115	dynamic_banner	root	modules-hero.source.css
hero-228	46987	47702	715	dynamic_banner	root	modules-hero.source.css
hero-229	47702	48151	449	fullscreen_video	root	modules-hero.source.css
hero-230	48151	48262	111	fullscreen_video	token	modules-hero.source.css
hero-231	48262	48399	137	fullscreen_video	token	modules-hero.source.css
hero-232	48399	48583	184	fullscreen_video	token	modules-hero.source.css
hero-233	48583	48678	95	fullscreen_video	token	modules-hero.source.css
hero-234	48678	48821	143	fullscreen_video	token	modules-hero.source.css
hero-235	48821	49236	415	fullscreen_video	token	modules-hero.source.css
hero-236	49236	49342	106	fullscreen_video	token	modules-hero.source.css
hero-237	49342	49554	212	fullscreen_video	token	modules-hero.source.css
hero-238	49554	49806	252	fullscreen_video	token	modules-hero.source.css
hero-239	49806	50074	268	fullscreen_video	token	modules-hero.source.css
hero-240	50074	50217	143	fullscreen_video	token	modules-hero.source.css
hero-241	50217	50537	320	fullscreen_video	section-fallback	modules-hero.source.css
hero-242	50537	50650	113	fullscreen_video	token	modules-hero.source.css
hero-243	50650	50828	178	fullscreen_video	section-fallback	modules-hero.source.css
hero-244	50828	51290	462	fullscreen_video	token	modules-hero.source.css
hero-245	51290	51331	41	fullscreen_video	token	modules-hero.source.css
hero-246	51331	51642	311	fullscreen_video	token	modules-hero.source.css
hero-247	51642	51758	116	fullscreen_video	token	modules-hero.source.css
hero-248	51758	51819	61	fullscreen_video	token	modules-hero.source.css
hero-249	51819	52298	479	fullscreen_video	token	modules-hero.source.css
hero-250	52298	52418	120	fullscreen_video	token	modules-hero.source.css
hero-251	52418	52488	70	fullscreen_video	token	modules-hero.source.css
hero-252	52488	52616	128	fullscreen_video	token	modules-hero.source.css
hero-253	52616	52808	192	fullscreen_video	token	modules-hero.source.css
hero-254	52808	53289	481	fullscreen_video	token	modules-hero.source.css
hero-255	53289	54072	783	fullscreen_video	root	modules-hero.source.css
hero-256	54072	54385	313	hero_search	root	modules-hero.source.css
hero-257	54385	54590	205	hero_search	root	modules-hero.source.css
hero-258	54590	54723	133	hero_search	root	modules-hero.source.css
hero-259	54723	54813	90	hero_search	root	modules-hero.source.css
hero-260	54813	54948	135	hero_search	root	modules-hero.source.css
hero-261	54948	55017	69	hero_search	root	modules-hero.source.css
hero-262	55017	55100	83	hero_search	root	modules-hero.source.css
hero-263	55100	55225	125	hero_search	root	modules-hero.source.css
hero-264	55225	55314	89	hero_search	root	modules-hero.source.css
hero-265	55314	55507	193	hero_search	root	modules-hero.source.css
hero-266	55507	55641	134	hero_search	root	modules-hero.source.css
hero-267	55641	55903	262	hero_search	root	modules-hero.source.css
hero-268	55903	56061	158	hero_search	root	modules-hero.source.css
hero-269	56061	56368	307	hero_search	root	modules-hero.source.css
hero-270	56368	56603	235	hero_search	root	modules-hero.source.css
hero-271	56603	56700	97	hero_search	root	modules-hero.source.css
hero-272	56700	56774	74	hero_search	root	modules-hero.source.css
hero-273	56774	56859	85	hero_search	root	modules-hero.source.css
hero-274	56859	56936	77	hero_search	root	modules-hero.source.css
hero-275	56936	57458	522	hero_search	root	modules-hero.source.css
hero-276	57458	57684	226	hero_search	root	modules-hero.source.css
hero-277	57684	58089	405	hero_search	root	modules-hero.source.css
hero-278	58089	58192	103	hero_search	root	modules-hero.source.css
hero-279	58192	59072	880	hero_search	root	modules-hero.source.css
hero-280	59072	59664	592	hero_search	root	modules-hero.source.css
hero-281	59664	59837	173	hero_search	root	modules-hero.source.css
hero-282	59837	59949	112	hero_search	root	modules-hero.source.css
hero-283	59949	60027	78	hero_search	root	modules-hero.source.css
hero-284	60027	60503	476	hero_search	root	modules-hero.source.css
hero-285	60503	60692	189	hero_search	root	modules-hero.source.css
hero-286	60692	61698	1006	hero_search	root	modules-hero.source.css
hero-287	61698	62262	564	qiling_video_portal_hero	token	modules-hero.source.css
hero-288	62262	62701	439	interact_hero	root	modules-hero.source.css
hero-289	62701	63285	584	interact_hero	root	modules-hero.source.css
hero-290	63285	63439	154	interact_hero	token	modules-hero.source.css
hero-291	63439	63595	156	interact_hero	token	modules-hero.source.css
hero-292	63595	63764	169	interact_hero	token	modules-hero.source.css
hero-293	63764	64255	491	interact_hero	token	modules-hero.source.css
hero-294	64255	64440	185	interact_hero	token	modules-hero.source.css
hero-295	64440	64618	178	interact_hero	token	modules-hero.source.css
hero-296	64618	64686	68	interact_hero	token	modules-hero.source.css
hero-297	64686	64987	301	interact_hero	token	modules-hero.source.css
hero-298	64987	65179	192	interact_hero	token	modules-hero.source.css
hero-299	65179	65336	157	interact_hero	token	modules-hero.source.css
hero-300	65336	65569	233	interact_hero	token	modules-hero.source.css
hero-301	65569	65657	88	interact_hero	token	modules-hero.source.css
hero-302	65657	65802	145	interact_hero	token	modules-hero.source.css
hero-303	65802	66095	293	interact_hero	token	modules-hero.source.css
hero-304	66095	66324	229	interact_hero	token	modules-hero.source.css
hero-305	66324	66530	206	interact_hero	token	modules-hero.source.css
hero-306	66530	66928	398	interact_hero	token	modules-hero.source.css
hero-307	66928	67169	241	interact_hero	token	modules-hero.source.css
hero-308	67169	67279	110	interact_hero	token	modules-hero.source.css
hero-309	67279	67348	69	interact_hero	token	modules-hero.source.css
hero-310	67348	67468	120	interact_hero	token	modules-hero.source.css
hero-311	67468	67577	109	interact_hero	token	modules-hero.source.css
hero-312	67577	67701	124	interact_hero	section-fallback	modules-hero.source.css
hero-313	67701	67850	149	interact_hero	section-fallback	modules-hero.source.css
hero-314	67850	68001	151	interact_hero	section-fallback	modules-hero.source.css
hero-315	68001	68522	521	interact_hero	token	modules-hero.source.css
hero-316	68522	68614	92	interact_hero	token	modules-hero.source.css
hero-317	68614	68745	131	interact_hero	token	modules-hero.source.css
hero-318	68745	68946	201	interact_hero	section-fallback	modules-hero.source.css
hero-319	68946	69262	316	qiling_video_portal_hero	token	modules-hero.source.css
hero-320	69262	69388	126	qiling_video_portal_hero	token	modules-hero.source.css
hero-321	69388	69484	96	qiling_video_portal_hero	token	modules-hero.source.css
hero-322	69484	69537	53	qiling_video_portal_hero	token	modules-hero.source.css
hero-323	69537	69627	90	qiling_video_portal_hero	token	modules-hero.source.css
hero-324	69627	69938	311	qiling_video_portal_hero	token	modules-hero.source.css
hero-325	69938	70088	150	qiling_video_portal_hero	token	modules-hero.source.css
hero-326	70088	70320	232	interact_hero	section-fallback	modules-hero.source.css
hero-327	70320	70530	210	qiling_video_portal_hero	token	modules-hero.source.css
hero-328	70530	70596	66	qiling_video_portal_hero	token	modules-hero.source.css
hero-329	70596	70727	131	qiling_video_portal_hero	token	modules-hero.source.css
hero-330	70727	70771	44	qiling_video_portal_hero	token	modules-hero.source.css
hero-331	70771	70967	196	qiling_video_portal_hero	token	modules-hero.source.css
hero-332	70967	71063	96	qiling_video_portal_hero	token	modules-hero.source.css
hero-333	71063	71249	186	qiling_video_portal_hero	token	modules-hero.source.css
hero-334	71249	71315	66	qiling_video_portal_hero	token	modules-hero.source.css
hero-335	71315	71379	64	qiling_video_portal_hero	token	modules-hero.source.css
hero-336	71379	71682	303	qiling_video_portal_hero	token	modules-hero.source.css
hero-337	71682	72214	532	qiling_video_portal_hero	token	modules-hero.source.css
hero-338	72214	72371	157	qiling_video_portal_hero	token	modules-hero.source.css
hero-339	72371	72525	154	qiling_video_portal_hero	token	modules-hero.source.css
hero-340	72525	72580	55	qiling_video_portal_hero	token	modules-hero.source.css
hero-341	72580	72689	109	qiling_video_portal_hero	token	modules-hero.source.css
hero-342	72689	72745	56	qiling_video_portal_hero	token	modules-hero.source.css
hero-343	72745	72951	206	qiling_video_portal_hero	token	modules-hero.source.css
hero-344	72951	73084	133	qiling_video_portal_hero	token	modules-hero.source.css
hero-345	73084	73163	79	qiling_video_portal_hero	token	modules-hero.source.css
hero-346	73163	73261	98	qiling_video_portal_hero	token	modules-hero.source.css
hero-347	73261	73496	235	qiling_video_portal_hero	token	modules-hero.source.css
hero-348	73496	73594	98	qiling_video_portal_hero	token	modules-hero.source.css
hero-349	73594	73872	278	qiling_video_portal_hero	token	modules-hero.source.css
hero-350	73872	74137	265	qiling_video_portal_hero	token	modules-hero.source.css
hero-351	74137	74194	57	qiling_video_portal_hero	token	modules-hero.source.css
hero-352	74194	74284	90	qiling_video_portal_hero	token	modules-hero.source.css
hero-353	74284	74365	81	qiling_video_portal_hero	token	modules-hero.source.css
hero-354	74365	74494	129	qiling_video_portal_hero	token	modules-hero.source.css
hero-355	74494	74578	84	qiling_video_portal_hero	token	modules-hero.source.css
hero-356	74578	74784	206	qiling_video_portal_hero	token	modules-hero.source.css
hero-357	74784	74841	57	qiling_video_portal_hero	token	modules-hero.source.css
hero-358	74841	74920	79	qiling_video_portal_hero	token	modules-hero.source.css
hero-359	74920	74980	60	qiling_video_portal_hero	token	modules-hero.source.css
hero-360	74980	75038	58	qiling_video_portal_hero	token	modules-hero.source.css
hero-361	75038	75260	222	qiling_video_portal_hero	token	modules-hero.source.css
hero-362	75260	75513	253	qiling_video_portal_hero	token	modules-hero.source.css
hero-363	75513	75584	71	qiling_video_portal_hero	token	modules-hero.source.css
hero-364	75584	75698	114	qiling_video_portal_hero	token	modules-hero.source.css
hero-365	75698	75832	134	qiling_video_portal_hero	token	modules-hero.source.css
hero-366	75832	75925	93	qiling_video_portal_hero	token	modules-hero.source.css
hero-367	75925	76032	107	qiling_video_portal_hero	token	modules-hero.source.css
hero-368	76032	76927	895	qiling_video_portal_hero	token	modules-hero.source.css
hero-369	76927	77034	107	qiling_video_portal_hero	token	modules-hero.source.css
hero-370	77034	77119	85	qiling_video_portal_hero	token	modules-hero.source.css
hero-371	77119	77614	495	qiling_video_portal_hero	token	modules-hero.source.css
hero-372	77614	77818	204	qiling_video_portal_hero	token	modules-hero.source.css
hero-373	77818	78064	246	qiling_video_portal_hero	token	modules-hero.source.css
hero-374	78064	78292	228	qiling_video_portal_hero	token	modules-hero.source.css
hero-375	78292	78405	113	qiling_video_portal_hero	token	modules-hero.source.css
hero-376	78405	78522	117	qiling_video_portal_hero	token	modules-hero.source.css
hero-377	78522	78876	354	qiling_video_portal_hero	token	modules-hero.source.css
hero-378	78876	79020	144	qiling_video_portal_hero	token	modules-hero.source.css
hero-379	79020	79336	316	qiling_video_portal_hero	token	modules-hero.source.css
hero-380	79336	79492	156	qiling_video_portal_hero	token	modules-hero.source.css
hero-381	79492	79643	151	qiling_video_portal_hero	token	modules-hero.source.css
hero-382	79643	79874	231	qiling_video_portal_hero	token	modules-hero.source.css
hero-383	79874	79976	102	qiling_video_portal_hero	token	modules-hero.source.css
hero-384	79976	80063	87	qiling_video_portal_hero	token	modules-hero.source.css
hero-385	80063	80178	115	qiling_video_portal_hero	token	modules-hero.source.css
hero-386	80178	80297	119	qiling_video_portal_hero	token	modules-hero.source.css
hero-387	80297	80470	173	qiling_video_portal_hero	token	modules-hero.source.css
hero-388	80470	80639	169	qiling_video_portal_hero	token	modules-hero.source.css
hero-389	80639	80772	133	qiling_video_portal_hero	token	modules-hero.source.css
hero-390	80772	81097	325	qiling_video_portal_hero	token	modules-hero.source.css
hero-391	81097	81726	629	qiling_video_portal_hero	token	modules-hero.source.css
hero-392	81726	82006	280	qiling_video_portal_hero	token	modules-hero.source.css
hero-393	82006	82253	247	qiling_video_portal_hero	token	modules-hero.source.css
hero-394	82253	82447	194	qiling_video_portal_hero	token	modules-hero.source.css
hero-395	82447	82540	93	qiling_video_portal_hero	token	modules-hero.source.css
hero-396	82540	82819	279	qiling_video_portal_hero	token	modules-hero.source.css
hero-397	82819	82955	136	qiling_video_portal_hero	token	modules-hero.source.css
hero-398	82955	83044	89	qiling_video_portal_hero	token	modules-hero.source.css
hero-399	83044	83122	78	qiling_video_portal_hero	token	modules-hero.source.css
hero-400	83122	83281	159	qiling_video_portal_hero	token	modules-hero.source.css
hero-401	83281	83501	220	qiling_video_portal_hero	token	modules-hero.source.css
hero-402	83501	83625	124	qiling_video_portal_hero	token	modules-hero.source.css
hero-403	83625	83809	184	qiling_video_portal_hero	token	modules-hero.source.css
hero-404	83809	84036	227	qiling_video_portal_hero	token	modules-hero.source.css
hero-405	84036	84229	193	qiling_video_portal_hero	token	modules-hero.source.css
hero-406	84229	84391	162	qiling_video_portal_hero	token	modules-hero.source.css
hero-407	84391	84574	183	qiling_video_portal_hero	token	modules-hero.source.css
hero-408	84574	84694	120	qiling_video_portal_hero	token	modules-hero.source.css
hero-409	84694	84851	157	qiling_video_portal_hero	token	modules-hero.source.css
hero-410	84851	85133	282	qiling_video_portal_hero	token	modules-hero.source.css
hero-411	85133	85486	353	qiling_video_portal_hero	token	modules-hero.source.css
hero-412	85486	85625	139	qiling_video_portal_hero	token	modules-hero.source.css
hero-413	85625	85836	211	qiling_video_portal_hero	token	modules-hero.source.css
hero-414	85836	85994	158	qiling_video_portal_hero	token	modules-hero.source.css
hero-415	85994	86224	230	qiling_video_portal_hero	token	modules-hero.source.css
hero-416	86224	86343	119	qiling_video_portal_hero	token	modules-hero.source.css
hero-417	86343	86571	228	qiling_video_portal_hero	token	modules-hero.source.css
hero-418	86571	86687	116	qiling_video_portal_hero	token	modules-hero.source.css
hero-419	86687	86843	156	qiling_video_portal_hero	token	modules-hero.source.css
hero-420	86843	86953	110	qiling_video_portal_hero	token	modules-hero.source.css
hero-421	86953	87142	189	qiling_video_portal_hero	token	modules-hero.source.css
hero-422	87142	87268	126	qiling_video_portal_hero	token	modules-hero.source.css
hero-423	87268	88350	1082	qiling_video_portal_hero	token	modules-hero.source.css
hero-424	88350	90141	1791	qiling_video_portal_hero	token	modules-hero.source.css
hero-425	90141	90670	529	resource_hero_pro	root	modules-hero.source.css
hero-426	90670	90892	222	resource_hero_pro	root	modules-hero.source.css
hero-427	90892	91135	243	resource_hero_pro	root	modules-hero.source.css
hero-428	91135	91381	246	resource_hero_pro	root	modules-hero.source.css
hero-429	91381	91536	155	resource_hero_pro	root	modules-hero.source.css
hero-430	91536	91756	220	resource_hero_pro	root	modules-hero.source.css
hero-431	91756	91930	174	resource_hero_pro	root	modules-hero.source.css
hero-432	91930	92008	78	resource_hero_pro	root	modules-hero.source.css
hero-433	92008	92135	127	resource_hero_pro	root	modules-hero.source.css
hero-434	92135	92262	127	resource_hero_pro	root	modules-hero.source.css
hero-435	92262	92381	119	resource_hero_pro	root	modules-hero.source.css
hero-436	92381	92499	118	resource_hero_pro	root	modules-hero.source.css
hero-437	92499	92704	205	resource_hero_pro	root	modules-hero.source.css
hero-438	92704	92904	200	resource_hero_pro	root	modules-hero.source.css
hero-439	92904	93109	205	resource_hero_pro	root	modules-hero.source.css
hero-440	93109	93383	274	resource_hero_pro	root	modules-hero.source.css
hero-441	93383	93490	107	resource_hero_pro	root	modules-hero.source.css
hero-442	93490	93655	165	resource_hero_pro	root	modules-hero.source.css
hero-443	93655	93763	108	resource_hero_pro	root	modules-hero.source.css
hero-444	93763	93935	172	resource_hero_pro	root	modules-hero.source.css
hero-445	93935	94083	148	resource_hero_pro	root	modules-hero.source.css
hero-446	94083	94183	100	resource_hero_pro	root	modules-hero.source.css
hero-447	94183	94333	150	resource_hero_pro	root	modules-hero.source.css
hero-448	94333	94417	84	resource_hero_pro	root	modules-hero.source.css
hero-449	94417	94500	83	resource_hero_pro	root	modules-hero.source.css
hero-450	94500	94995	495	resource_hero_pro	root	modules-hero.source.css
hero-451	94995	95077	82	resource_hero_pro	root	modules-hero.source.css
hero-452	95077	95157	80	resource_hero_pro	root	modules-hero.source.css
hero-453	95157	95241	84	resource_hero_pro	root	modules-hero.source.css
hero-454	95241	95321	80	resource_hero_pro	root	modules-hero.source.css
hero-455	95321	95404	83	resource_hero_pro	root	modules-hero.source.css
hero-456	95404	95485	81	resource_hero_pro	root	modules-hero.source.css
hero-457	95485	95568	83	resource_hero_pro	root	modules-hero.source.css
hero-458	95568	95757	189	resource_hero_pro	root	modules-hero.source.css
hero-459	95757	95903	146	resource_hero_pro	root	modules-hero.source.css
hero-460	95903	95968	65	resource_hero_pro	root	modules-hero.source.css
hero-461	95968	96103	135	resource_hero_pro	root	modules-hero.source.css
hero-462	96103	96222	119	resource_hero_pro	root	modules-hero.source.css
hero-463	96222	96383	161	resource_hero_pro	root	modules-hero.source.css
hero-464	96383	96522	139	resource_hero_pro	root	modules-hero.source.css
hero-465	96522	96627	105	resource_hero_pro	root	modules-hero.source.css
hero-466	96627	96690	63	resource_hero_pro	root	modules-hero.source.css
hero-467	96690	97118	428	resource_hero_pro	root	modules-hero.source.css
hero-468	97118	97222	104	resource_hero_pro	root	modules-hero.source.css
hero-469	97222	97427	205	resource_hero_pro	root	modules-hero.source.css
hero-470	97427	97645	218	resource_hero_pro	root	modules-hero.source.css
hero-471	97645	97774	129	resource_hero_pro	root	modules-hero.source.css
hero-472	97774	98097	323	resource_hero_pro	root	modules-hero.source.css
hero-473	98097	98679	582	resource_hero_pro	root	modules-hero.source.css
hero-474	98679	98892	213	resource_hero_pro	root	modules-hero.source.css
hero-475	98892	98997	105	resource_hero_pro	root	modules-hero.source.css
hero-476	98997	99160	163	resource_hero_pro	root	modules-hero.source.css
hero-477	99160	99301	141	resource_hero_pro	root	modules-hero.source.css
hero-478	99301	99452	151	resource_hero_pro	root	modules-hero.source.css
hero-479	99452	99673	221	resource_hero_pro	root	modules-hero.source.css
hero-480	99673	99966	293	resource_hero_pro	root	modules-hero.source.css
hero-481	99966	100098	132	resource_hero_pro	root	modules-hero.source.css
hero-482	100098	100229	131	resource_hero_pro	root	modules-hero.source.css
hero-483	100229	100420	191	resource_hero_pro	root	modules-hero.source.css
hero-484	100420	100602	182	resource_hero_pro	root	modules-hero.source.css
hero-485	100602	101086	484	resource_hero_pro	root	modules-hero.source.css
hero-486	101086	101421	335	resource_hero_pro	root	modules-hero.source.css
hero-487	101421	101507	86	resource_hero_pro	root	modules-hero.source.css
hero-488	101507	101752	245	resource_hero_pro	root	modules-hero.source.css
hero-489	101752	101982	230	resource_hero_pro	root	modules-hero.source.css
hero-490	101982	102147	165	resource_hero_pro	root	modules-hero.source.css
hero-491	102147	102336	189	resource_hero_pro	root	modules-hero.source.css
hero-492	102336	102611	275	resource_hero_pro	root	modules-hero.source.css
hero-493	102611	102791	180	resource_hero_pro	root	modules-hero.source.css
hero-494	102791	103055	264	resource_hero_pro	root	modules-hero.source.css
hero-495	103055	103219	164	resource_hero_pro	root	modules-hero.source.css
hero-496	103219	103413	194	resource_hero_pro	root	modules-hero.source.css
hero-497	103413	103562	149	resource_hero_pro	root	modules-hero.source.css
hero-498	103562	103998	436	resource_hero_pro	root	modules-hero.source.css
hero-499	103998	104087	89	resource_hero_pro	root	modules-hero.source.css
hero-500	104087	104425	338	resource_hero_pro	root	modules-hero.source.css
hero-501	104425	104764	339	resource_hero_pro	root	modules-hero.source.css
hero-502	104764	105177	413	resource_hero_pro	root	modules-hero.source.css
hero-503	105177	105624	447	resource_hero_pro	root	modules-hero.source.css
hero-504	105624	105990	366	resource_hero_pro	root	modules-hero.source.css
hero-505	105990	106173	183	resource_hero_pro	root	modules-hero.source.css
hero-506	106173	106313	140	resource_hero_pro	root	modules-hero.source.css
hero-507	106313	106474	161	resource_hero_pro	root	modules-hero.source.css
hero-508	106474	106630	156	resource_hero_pro	root	modules-hero.source.css
hero-509	106630	106793	163	resource_hero_pro	root	modules-hero.source.css
hero-510	106793	106981	188	resource_hero_pro	root	modules-hero.source.css
hero-511	106981	107083	102	resource_hero_pro	root	modules-hero.source.css
hero-512	107083	107182	99	resource_hero_pro	root	modules-hero.source.css
hero-513	107182	107287	105	resource_hero_pro	root	modules-hero.source.css
hero-514	107287	107916	629	resource_hero_pro	root	modules-hero.source.css
hero-515	107916	108059	143	resource_hero_pro	root	modules-hero.source.css
hero-516	108059	108234	175	resource_hero_pro	root	modules-hero.source.css
hero-517	108234	108424	190	resource_hero_pro	root	modules-hero.source.css
hero-518	108424	108696	272	resource_hero_pro	root	modules-hero.source.css
hero-519	108696	108799	103	resource_hero_pro	root	modules-hero.source.css
hero-520	108799	108864	65	resource_hero_pro	root	modules-hero.source.css
hero-521	108864	109057	193	resource_hero_pro	root	modules-hero.source.css
hero-522	109057	109422	365	resource_hero_pro	root	modules-hero.source.css
hero-523	109422	109550	128	resource_hero_pro	root	modules-hero.source.css
hero-524	109550	109677	127	resource_hero_pro	root	modules-hero.source.css
hero-525	109677	109805	128	resource_hero_pro	root	modules-hero.source.css
hero-526	109805	110003	198	resource_hero_pro	root	modules-hero.source.css
hero-527	110003	110148	145	resource_hero_pro	root	modules-hero.source.css
hero-528	110148	110359	211	resource_hero_pro	root	modules-hero.source.css
hero-529	110359	110636	277	resource_hero_pro	root	modules-hero.source.css
hero-530	110636	110771	135	resource_hero_pro	root	modules-hero.source.css
hero-531	110771	111037	266	resource_hero_pro	root	modules-hero.source.css
hero-532	111037	111311	274	resource_hero_pro	root	modules-hero.source.css
hero-533	111311	111418	107	resource_hero_pro	root	modules-hero.source.css
hero-534	111418	111898	480	resource_hero_pro	root	modules-hero.source.css
hero-535	111898	112040	142	resource_hero_pro	root	modules-hero.source.css
hero-536	112040	112153	113	resource_hero_pro	root	modules-hero.source.css
hero-537	112153	112303	150	resource_hero_pro	root	modules-hero.source.css
hero-538	112303	112417	114	resource_hero_pro	section-fallback	modules-hero.source.css
hero-539	112417	112531	114	resource_hero_pro	section-fallback	modules-hero.source.css
hero-540	112531	112690	159	resource_hero_pro	section-fallback	modules-hero.source.css
hero-541	112690	112851	161	resource_hero_pro	section-fallback	modules-hero.source.css
hero-542	112851	113067	216	resource_hero_pro	section-fallback	modules-hero.source.css
hero-543	113067	113283	216	resource_hero_pro	section-fallback	modules-hero.source.css
hero-544	113283	113513	230	resource_hero_pro	section-fallback	modules-hero.source.css
hero-545	113513	114023	510	resource_hero_pro	root	modules-hero.source.css
hero-546	114023	115285	1262	resource_hero_pro	root	modules-hero.source.css
hero-547	115285	116123	838	resource_hero_pro	root	modules-hero.source.css
hero-548	116123	116318	195	resume_hero	root	modules-hero.source.css
hero-549	116318	116598	280	resume_hero	root	modules-hero.source.css
hero-550	116598	116724	126	resume_hero	root	modules-hero.source.css
hero-551	116724	116814	90	resume_hero	root	modules-hero.source.css
hero-552	116814	117050	236	resume_hero	root	modules-hero.source.css
hero-553	117050	117120	70	resume_hero	root	modules-hero.source.css
hero-554	117120	117192	72	resume_hero	root	modules-hero.source.css
hero-555	117192	117260	68	resume_hero	root	modules-hero.source.css
hero-556	117260	117683	423	resume_hero	root	modules-hero.source.css
hero-557	117683	117747	64	resume_hero	root	modules-hero.source.css
hero-558	117747	117971	224	resume_hero	root	modules-hero.source.css
hero-559	117971	118070	99	resume_hero	root	modules-hero.source.css
hero-560	118070	118204	134	resume_hero	root	modules-hero.source.css
hero-561	118204	118275	71	resume_hero	root	modules-hero.source.css
hero-562	118275	118368	93	resume_hero	section-fallback	modules-hero.source.css
hero-563	118368	118570	202	resume_hero	root	modules-hero.source.css
hero-564	118570	118633	63	resume_hero	root	modules-hero.source.css
hero-565	118633	118815	182	resume_hero	root	modules-hero.source.css
hero-566	118815	118895	80	resume_hero	root	modules-hero.source.css
hero-567	118895	119424	529	resume_hero	root	modules-hero.source.css
hero-568	119424	119619	195	resume_hero	root	modules-hero.source.css
hero-569	119619	119782	163	resume_hero	root	modules-hero.source.css
hero-570	119782	119862	80	resume_hero	root	modules-hero.source.css
hero-571	119862	120330	468	resume_hero	root	modules-hero.source.css
hero-572	120330	120518	188	resume_hero	root	modules-hero.source.css
hero-573	120518	120593	75	resume_hero	root	modules-hero.source.css
hero-574	120593	120732	139	resume_hero	root	modules-hero.source.css
hero-575	120732	120812	80	resume_hero	root	modules-hero.source.css
hero-576	120812	121300	488	resume_hero	root	modules-hero.source.css
hero-577	121300	121727	427	resume_hero	root	modules-hero.source.css
hero-578	121727	121873	146	resume_hero	root	modules-hero.source.css
hero-579	121873	122067	194	resume_hero	root	modules-hero.source.css
hero-580	122067	122267	200	resume_hero	root	modules-hero.source.css
hero-581	122267	122525	258	resume_hero	root	modules-hero.source.css
hero-582	122525	123038	513	resume_hero	root	modules-hero.source.css
hero-583	123038	123236	198	resume_hero	root	modules-hero.source.css
hero-584	123236	123328	92	resume_hero	root	modules-hero.source.css
hero-585	123328	123555	227	resume_hero	root	modules-hero.source.css
hero-586	123555	123839	284	resume_hero	root	modules-hero.source.css
hero-587	123839	124069	230	resume_hero	root	modules-hero.source.css
hero-588	124069	124572	503	resume_hero	root	modules-hero.source.css
hero-589	124572	124708	136	resume_hero	root	modules-hero.source.css
hero-590	124708	124846	138	resume_hero	root	modules-hero.source.css
hero-591	124846	125018	172	resume_hero	root	modules-hero.source.css
hero-592	125018	125262	244	resume_hero	root	modules-hero.source.css
hero-593	125262	125412	150	resume_hero	root	modules-hero.source.css
hero-594	125412	125696	284	resume_hero	root	modules-hero.source.css
hero-595	125696	125887	191	resume_hero	root	modules-hero.source.css
hero-596	125887	126093	206	resume_hero	root	modules-hero.source.css
hero-597	126093	126227	134	resume_hero	root	modules-hero.source.css
hero-598	126227	126348	121	resume_hero	root	modules-hero.source.css
hero-599	126348	126704	356	resume_hero	root	modules-hero.source.css
hero-600	126704	126811	107	resume_hero	root	modules-hero.source.css
hero-601	126811	127094	283	resume_hero	root	modules-hero.source.css
hero-602	127094	127224	130	resume_hero	root	modules-hero.source.css
hero-603	127224	127561	337	resume_hero	root	modules-hero.source.css
hero-604	127561	127796	235	resume_hero	root	modules-hero.source.css
hero-605	127796	128036	240	resume_hero	root	modules-hero.source.css
hero-606	128036	128270	234	resume_hero	root	modules-hero.source.css
hero-607	128270	128504	234	resume_hero	root	modules-hero.source.css
hero-608	128504	128707	203	resume_hero	root	modules-hero.source.css
hero-609	128707	129576	869	resume_hero	root	modules-hero.source.css
hero-610	129576	129718	142	_shared	token-multi	modules-hero.source.css
hero-611	129718	129844	126	banner	root	modules-hero.source.css
hero-612	129844	129907	63	banner	root	modules-hero.source.css
hero-613	129907	130144	237	banner	root	modules-hero.source.css
hero-614	130144	130243	99	banner	root	modules-hero.source.css
hero-615	130243	130373	130	banner	root	modules-hero.source.css
hero-616	130373	130821	448	banner	root	modules-hero.source.css
hero-617	130821	131099	278	banner	root	modules-hero.source.css
hero-618	131099	131357	258	banner	root	modules-hero.source.css
hero-619	131357	131424	67	banner	root	modules-hero.source.css
hero-620	131424	131579	155	brand_banner_pro	root	modules-hero.source.css
hero-621	131579	131875	296	brand_banner_pro	root	modules-hero.source.css
hero-622	131875	132270	395	brand_banner_pro	root	modules-hero.source.css
hero-623	132270	132442	172	brand_banner_pro	root	modules-hero.source.css
hero-624	132442	132600	158	brand_banner_pro	root	modules-hero.source.css
hero-625	132600	132652	52	fullscreen_video	root	modules-hero.source.css
hero-626	132652	132820	168	fullscreen_video	root	modules-hero.source.css
hero-627	132820	132983	163	fullscreen_video	root	modules-hero.source.css
hero-628	132983	133058	75	fullscreen_video	root	modules-hero.source.css
hero-629	133058	133409	351	fullscreen_video	root	modules-hero.source.css
hero-630	133409	133695	286	fullscreen_video	root	modules-hero.source.css
hero-631	133695	133796	101	fullscreen_video	root	modules-hero.source.css
hero-632	133796	134037	241	fullscreen_video	root	modules-hero.source.css
hero-633	134037	134099	62	interact_hero	root	modules-hero.source.css
hero-634	134099	134326	227	interact_hero	root	modules-hero.source.css
hero-635	134326	134656	330	interact_hero	root	modules-hero.source.css
hero-636	134656	134913	257	interact_hero	root	modules-hero.source.css
hero-637	134913	135202	289	interact_hero	root	modules-hero.source.css
hero-638	135202	135311	109	interact_hero	root	modules-hero.source.css
hero-639	135311	135671	360	interact_hero	root	modules-hero.source.css
hero-640	135671	135724	53	qiling_video_portal_hero	token	modules-hero.source.css
hero-641	135724	136169	445	qiling_video_portal_hero	token	modules-hero.source.css
hero-642	136169	136660	491	qiling_video_portal_hero	token	modules-hero.source.css
hero-643	136660	136881	221	qiling_video_portal_hero	token	modules-hero.source.css
hero-644	136881	137015	134	qiling_video_portal_hero	token	modules-hero.source.css
hero-645	137015	137248	233	qiling_video_portal_hero	token	modules-hero.source.css
hero-646	137248	137467	219	qiling_video_portal_hero	token	modules-hero.source.css
hero-647	137467	137649	182	qiling_video_portal_hero	token	modules-hero.source.css
hero-648	137649	138003	354	brand_banner_pro	root	modules-hero.source.css
hero-649	138003	138487	484	brand_banner_pro	root	modules-hero.source.css
hero-650	138487	138870	383	_shared	root-ambiguous	modules-hero.source.css
hero-651	138870	139016	146	qiling_video_portal_hero	token	modules-hero.source.css
hero-652	139016	139364	348	_shared	root-ambiguous	modules-hero.source.css
hero-653	139364	140067	703	_shared	root-ambiguous	modules-hero.source.css
hero-654	140067	140382	315	_shared	root-ambiguous	modules-hero.source.css
hero-655	140382	140556	174	banner	root	modules-hero.source.css
hero-656	140556	140737	181	brand_banner_pro	root	modules-hero.source.css
hero-657	140737	140845	108	interact_hero	root	modules-hero.source.css
hero-658	140845	141016	171	fullscreen_video	root	modules-hero.source.css
hero-659	141016	141193	177	interact_hero	root	modules-hero.source.css
hero-660	141193	141310	117	qiling_video_portal_hero	token	modules-hero.source.css
hero-661	141310	141507	197	qiling_video_portal_hero	token	modules-hero.source.css
hero-662	141507	141852	345	_shared	root-ambiguous	modules-hero.source.css
hero-663	141852	141958	106	banner	root	modules-hero.source.css
hero-664	141958	142071	113	fullscreen_video	root	modules-hero.source.css
hero-665	142071	142250	179	interact_hero	root	modules-hero.source.css
hero-666	142250	142516	266	qiling_video_portal_hero	token	modules-hero.source.css
hero-667	142516	142630	114	qiling_video_portal_hero	token	modules-hero.source.css
hero-668	142630	143168	538	_shared	root-ambiguous	modules-hero.source.css
hero-669	143168	143169	1	interact_hero	section-fallback	modules-hero.source.css
